Attendance ID,Employee ID,Date,Time In,Break Start,Break End,Time Out
1,1,2024-01-05,08:08,12:00,13:00,17:47
2,2,2024-01-05,08:02,12:00,13:00,18:17
3,3,2024-01-05,08:03,12:00,13:00,17:07
4,4,2024-01-05,08:14,12:00,13:00,18:34
5,5,2024-01-05,08:13,12:00,13:00,18:49
6,6,2024-01-05,08:03,12:00,13:00,17:22
7,7,2024-01-05,08:01,12:00,13:00,18:28
8,8,2024-01-05,08:08,12:00,13:00,17:05
9,9,2024-01-05,08:11,12:00,13:00,18:38
10,10,2024-01-05,08:01,12:00,13:00,17:02
11,11,2024-01-05,08:08,12:00,13:00,18:11
12,12,2024-01-05,08:05,12:00,13:00,18:48
13,13,2024-01-05,08:07,12:00,13:00,17:45
14,14,2024-01-05,08:00,12:00,13:00,17:13
15,15,2024-01-05,08:01,12:00,13:00,18:37
16,16,2024-01-05,08:08,12:00,13:00,18:22
17,17,2024-01-05,08:02,12:00,13:00,18:04
18,18,2024-01-05,08:10,12:00,13:00,18:16
19,19,2024-01-05,08:01,12:00,13:00,18:30
20,20,2024-01-05,08:04,12:00,13:00,17:32
21,21,2024-01-05,08:14,12:00,13:00,17:36
22,22,2024-01-05,08:05,12:00,13:00,18:44
23,23,2024-01-05,08:01,12:00,13:00,18:09
24,24,2024-01-05,08:14,12:00,13:00,18:29
25,25,2024-01-05,08:13,12:00,13:00,18:21
26,26,2024-01-05,08:06,12:00,13:00,17:15
27,27,2024-01-05,08:09,12:00,13:00,17:39
28,28,2024-01-05,08:09,12:00,13:00,18:15
29,29,2024-01-05,08:05,12:00,13:00,18:07
30,30,2024-01-05,08:03,12:00,13:00,17:22
31,31,2024-01-05,08:08,12:00,13:00,18:38
32,32,2024-01-05,08:11,12:00,13:00,17:09
33,33,2024-01-05,08:02,12:00,13:00,17:28
34,34,2024-01-05,08:13,12:00,13:00,18:32
35,1,2024-01-06,08:02,12:00,13:00,18:35
36,2,2024-01-06,08:07,12:00,13:00,18:17
37,3,2024-01-06,08:09,12:00,13:00,17:27
38,4,2024-01-06,08:10,12:00,13:00,18:13
39,5,2024-01-06,08:11,12:00,13:00,17:11
40,6,2024-01-06,08:13,12:00,13:00,17:01
41,7,2024-01-06,08:08,12:00,13:00,17:04
42,8,2024-01-06,08:11,12:00,13:00,17:50
43,9,2024-01-06,08:06,12:00,13:00,17:24
44,10,2024-01-06,08:07,12:00,13:00,17:19
45,11,2024-01-06,08:05,12:00,13:00,18:44
46,12,2024-01-06,08:13,12:00,13:00,18:23
47,13,2024-01-06,08:09,12:00,13:00,18:33
48,14,2024-01-06,08:11,12:00,13:00,18:23
49,15,2024-01-06,08:01,12:00,13:00,18:47
50,16,2024-01-06,08:02,12:00,13:00,18:13
51,17,2024-01-06,08:00,12:00,13:00,18:48
52,18,2024-01-06,08:05,12:00,13:00,17:56
53,19,2024-01-06,08:10,12:00,13:00,17:09
54,20,2024-01-06,08:07,12:00,13:00,18:19
55,21,2024-01-06,08:14,12:00,13:00,17:18
56,22,2024-01-06,08:00,12:00,13:00,17:03
57,23,2024-01-06,08:08,12:00,13:00,18:26
58,24,2024-01-06,08:07,12:00,13:00,18:41
59,25,2024-01-06,08:11,12:00,13:00,17:40
60,26,2024-01-06,08:07,12:00,13:00,18:55
61,27,2024-01-06,08:02,12:00,13:00,18:05
62,28,2024-01-06,08:03,12:00,13:00,18:40
63,29,2024-01-06,08:04,12:00,13:00,18:06
64,30,2024-01-06,08:11,12:00,13:00,18:50
65,31,2024-01-06,08:06,12:00,13:00,17:32
66,32,2024-01-06,08:10,12:00,13:00,17:04
67,33,2024-01-06,08:08,12:00,13:00,18:01
68,34,2024-01-06,08:04,12:00,13:00,18:49
69,1,2024-01-07,08:08,12:00,13:00,17:52
70,2,2024-01-07,08:03,12:00,13:00,18:20
71,3,2024-01-07,08:05,12:00,13:00,17:22
72,4,2024-01-07,08:03,12:00,13:00,18:22
73,5,2024-01-07,08:10,12:00,13:00,18:44
74,6,2024-01-07,08:09,12:00,13:00,17:11
75,7,2024-01-07,08:08,12:00,13:00,18:23
76,8,2024-01-07,08:14,12:00,13:00,18:43
77,9,2024-01-07,08:07,12:00,13:00,18:08
78,10,2024-01-07,08:02,12:00,13:00,18:43
79,11,2024-01-07,08:08,12:00,13:00,17:29
80,12,2024-01-07,08:07,12:00,13:00,17:50
81,13,2024-01-07,08:02,12:00,13:00,17:13
82,14,2024-01-07,08:06,12:00,13:00,18:48
83,15,2024-01-07,08:10,12:00,13:00,17:05
84,16,2024-01-07,08:01,12:00,13:00,18:30
85,17,2024-01-07,08:05,12:00,13:00,18:27
86,18,2024-01-07,08:06,12:00,13:00,17:40
87,19,2024-01-07,08:12,12:00,13:00,18:04
88,20,2024-01-07,08:03,12:00,13:00,18:11
89,21,2024-01-07,08:09,12:00,13:00,17:23
90,22,2024-01-07,08:04,12:00,13:00,18:40
91,23,2024-01-07,08:06,12:00,13:00,18:00
92,24,2024-01-07,08:13,12:00,13:00,17:16
93,25,2024-01-07,08:04,12:00,13:00,18:22
94,26,2024-01-07,08:14,12:00,13:00,18:31
95,27,2024-01-07,08:00,12:00,13:00,17:55
96,28,2024-01-07,08:10,12:00,13:00,17:08
97,29,2024-01-07,08:07,12:00,13:00,17:11
98,30,2024-01-07,08:05,12:00,13:00,18:59
99,31,2024-01-07,08:06,12:00,13:00,17:46
100,32,2024-01-07,08:01,12:00,13:00,18:38
101,33,2024-01-07,08:03,12:00,13:00,17:04
102,34,2024-01-07,08:10,12:00,13:00,17:31
103,1,2024-01-08,08:04,12:00,13:00,18:44
104,2,2024-01-08,08:13,12:00,13:00,18:34
105,3,2024-01-08,08:12,12:00,13:00,18:20
106,4,2024-01-08,08:07,12:00,13:00,17:08
107,5,2024-01-08,08:02,12:00,13:00,17:18
108,6,2024-01-08,08:08,12:00,13:00,18:01
109,7,2024-01-08,08:08,12:00,13:00,18:45
110,8,2024-01-08,08:01,12:00,13:00,18:45
111,9,2024-01-08,08:06,12:00,13:00,18:45
112,10,2024-01-08,08:06,12:00,13:00,17:47
113,11,2024-01-08,08:08,12:00,13:00,17:02
114,12,2024-01-08,08:02,12:00,13:00,17:17
115,13,2024-01-08,08:09,12:00,13:00,17:23
116,14,2024-01-08,08:04,12:00,13:00,17:25
117,15,2024-01-08,08:02,12:00,13:00,18:10
118,16,2024-01-08,08:02,12:00,13:00,18:41
119,17,2024-01-08,08:02,12:00,13:00,18:19
120,18,2024-01-08,08:04,12:00,13:00,18:43
121,19,2024-01-08,08:12,12:00,13:00,18:07
122,20,2024-01-08,08:04,12:00,13:00,17:09
123,21,2024-01-08,08:03,12:00,13:00,18:14
124,22,2024-01-08,08:02,12:00,13:00,18:08
125,23,2024-01-08,08:13,12:00,13:00,18:42
126,24,2024-01-08,08:14,12:00,13:00,18:12
127,25,2024-01-08,08:10,12:00,13:00,18:19
128,26,2024-01-08,08:01,12:00,13:00,17:39
129,27,2024-01-08,08:06,12:00,13:00,18:55
130,28,2024-01-08,08:14,12:00,13:00,18:15
131,29,2024-01-08,08:05,12:00,13:00,17:38
132,30,2024-01-08,08:07,12:00,13:00,18:11
133,31,2024-01-08,08:05,12:00,13:00,18:09
134,32,2024-01-08,08:12,12:00,13:00,18:18
135,33,2024-01-08,08:07,12:00,13:00,18:52
136,34,2024-01-08,08:09,12:00,13:00,17:06
137,1,2024-01-09,08:04,12:00,13:00,17:04
138,2,2024-01-09,08:01,12:00,13:00,18:15
139,3,2024-01-09,08:07,12:00,13:00,17:52
140,4,2024-01-09,08:07,12:00,13:00,18:24
141,5,2024-01-09,08:09,12:00,13:00,17:46
142,6,2024-01-09,08:12,12:00,13:00,18:35
143,7,2024-01-09,08:12,12:00,13:00,17:50
144,8,2024-01-09,08:10,12:00,13:00,17:29
145,9,2024-01-09,08:03,12:00,13:00,18:00
146,10,2024-01-09,08:10,12:00,13:00,17:05
147,11,2024-01-09,08:02,12:00,13:00,17:11
148,12,2024-01-09,08:04,12:00,13:00,17:55
149,13,2024-01-09,08:00,12:00,13:00,18:05
150,14,2024-01-09,08:11,12:00,13:00,18:56
151,15,2024-01-09,08:01,12:00,13:00,18:27
152,16,2024-01-09,08:00,12:00,13:00,18:51
153,17,2024-01-09,08:02,12:00,13:00,17:01
154,18,2024-01-09,08:06,12:00,13:00,17:08
155,19,2024-01-09,08:10,12:00,13:00,17:51
156,20,2024-01-09,08:12,12:00,13:00,17:21
157,21,2024-01-09,08:07,12:00,13:00,17:37
158,22,2024-01-09,08:12,12:00,13:00,18:58
159,23,2024-01-09,08:07,12:00,13:00,17:09
160,24,2024-01-09,08:08,12:00,13:00,17:46
161,25,2024-01-09,08:06,12:00,13:00,18:48
162,26,2024-01-09,08:00,12:00,13:00,18:12
163,27,2024-01-09,08:01,12:00,13:00,18:49
164,28,2024-01-09,08:11,12:00,13:00,17:44
165,29,2024-01-09,08:14,12:00,13:00,18:17
166,30,2024-01-09,08:00,12:00,13:00,18:46
167,31,2024-01-09,08:02,12:00,13:00,18:17
168,32,2024-01-09,08:05,12:00,13:00,17:58
169,33,2024-01-09,08:05,12:00,13:00,17:02
170,34,2024-01-09,08:08,12:00,13:00,18:32
171,1,2024-01-10,08:10,12:00,13:00,18:40
172,2,2024-01-10,08:04,12:00,13:00,17:38
173,3,2024-01-10,08:14,12:00,13:00,17:39
174,4,2024-01-10,08:08,12:00,13:00,18:54
175,5,2024-01-10,08:01,12:00,13:00,18:04
176,6,2024-01-10,08:03,12:00,13:00,18:50
177,7,2024-01-10,08:05,12:00,13:00,18:51
178,8,2024-01-10,08:07,12:00,13:00,18:20
179,9,2024-01-10,08:00,12:00,13:00,18:35
180,10,2024-01-10,08:12,12:00,13:00,18:14
181,11,2024-01-10,08:12,12:00,13:00,18:48
182,12,2024-01-10,08:14,12:00,13:00,18:01
183,13,2024-01-10,08:14,12:00,13:00,17:55
184,14,2024-01-10,08:11,12:00,13:00,18:52
185,15,2024-01-10,08:12,12:00,13:00,18:58
186,16,2024-01-10,08:09,12:00,13:00,18:41
187,17,2024-01-10,08:04,12:00,13:00,17:31
188,18,2024-01-10,08:04,12:00,13:00,18:57
189,19,2024-01-10,08:06,12:00,13:00,18:31
190,20,2024-01-10,08:02,12:00,13:00,17:13
191,21,2024-01-10,08:11,12:00,13:00,18:32
192,22,2024-01-10,08:03,12:00,13:00,18:10
193,23,2024-01-10,08:03,12:00,13:00,18:55
194,24,2024-01-10,08:06,12:00,13:00,17:58
195,25,2024-01-10,08:08,12:00,13:00,17:40
196,26,2024-01-10,08:03,12:00,13:00,17:45
197,27,2024-01-10,08:14,12:00,13:00,17:13
198,28,2024-01-10,08:03,12:00,13:00,17:05
199,29,2024-01-10,08:04,12:00,13:00,18:18
200,30,2024-01-10,08:04,12:00,13:00,17:48
201,31,2024-01-10,08:06,12:00,13:00,17:04
202,32,2024-01-10,08:02,12:00,13:00,17:31
203,33,2024-01-10,08:08,12:00,13:00,18:47
204,34,2024-01-10,08:14,12:00,13:00,17:12
205,1,2024-01-11,08:06,12:00,13:00,18:02
206,2,2024-01-11,08:07,12:00,13:00,18:19
207,3,2024-01-11,08:04,12:00,13:00,17:17
208,4,2024-01-11,08:10,12:00,13:00,18:19
209,5,2024-01-11,08:11,12:00,13:00,17:55
210,6,2024-01-11,08:09,12:00,13:00,18:33
211,7,2024-01-11,08:10,12:00,13:00,18:22
212,8,2024-01-11,08:09,12:00,13:00,17:19
213,9,2024-01-11,08:04,12:00,13:00,18:49
214,10,2024-01-11,08:00,12:00,13:00,17:48
215,11,2024-01-11,08:11,12:00,13:00,18:17
216,12,2024-01-11,08:00,12:00,13:00,18:38
217,13,2024-01-11,08:11,12:00,13:00,17:01
218,14,2024-01-11,08:02,12:00,13:00,18:05
219,15,2024-01-11,08:13,12:00,13:00,17:01
220,16,2024-01-11,08:03,12:00,13:00,17:16
221,17,2024-01-11,08:07,12:00,13:00,17:30
222,18,2024-01-11,08:08,12:00,13:00,18:53
223,19,2024-01-11,08:05,12:00,13:00,18:12
224,20,2024-01-11,08:06,12:00,13:00,18:41
225,21,2024-01-11,08:11,12:00,13:00,18:28
226,22,2024-01-11,08:06,12:00,13:00,17:56
227,23,2024-01-11,08:08,12:00,13:00,17:34
228,24,2024-01-11,08:03,12:00,13:00,17:48
229,25,2024-01-11,08:06,12:00,13:00,18:09
230,26,2024-01-11,08:14,12:00,13:00,17:56
231,27,2024-01-11,08:12,12:00,13:00,17:03
232,28,2024-01-11,08:13,12:00,13:00,17:04
233,29,2024-01-11,08:06,12:00,13:00,18:13
234,30,2024-01-11,08:12,12:00,13:00,18:27
235,31,2024-01-11,08:06,12:00,13:00,17:36
236,32,2024-01-11,08:11,12:00,13:00,17:06
237,33,2024-01-11,08:04,12:00,13:00,17:27
238,34,2024-01-11,08:06,12:00,13:00,17:11
239,1,2024-01-12,08:00,12:00,13:00,17:36
240,2,2024-01-12,08:01,12:00,13:00,18:59
241,3,2024-01-12,08:09,12:00,13:00,17:52
242,4,2024-01-12,08:04,12:00,13:00,17:01
243,5,2024-01-12,08:02,12:00,13:00,17:08
244,6,2024-01-12,08:06,12:00,13:00,17:43
245,7,2024-01-12,08:09,12:00,13:00,18:56
246,8,2024-01-12,08:02,12:00,13:00,18:12
247,9,2024-01-12,08:00,12:00,13:00,18:16
248,10,2024-01-12,08:14,12:00,13:00,18:44
249,11,2024-01-12,08:04,12:00,13:00,18:44
250,12,2024-01-12,08:09,12:00,13:00,18:02
251,13,2024-01-12,08:11,12:00,13:00,18:09
252,14,2024-01-12,08:11,12:00,13:00,18:34
253,15,2024-01-12,08:01,12:00,13:00,18:47
254,16,2024-01-12,08:13,12:00,13:00,18:45
255,17,2024-01-12,08:02,12:00,13:00,18:42
256,18,2024-01-12,08:14,12:00,13:00,18:17
257,19,2024-01-12,08:11,12:00,13:00,18:41
258,20,2024-01-12,08:05,12:00,13:00,17:54
259,21,2024-01-12,08:11,12:00,13:00,18:25
260,22,2024-01-12,08:04,12:00,13:00,18:25
261,23,2024-01-12,08:14,12:00,13:00,17:20
262,24,2024-01-12,08:10,12:00,13:00,17:38
263,25,2024-01-12,08:09,12:00,13:00,18:38
264,26,2024-01-12,08:11,12:00,13:00,18:37
265,27,2024-01-12,08:10,12:00,13:00,17:26
266,28,2024-01-12,08:01,12:00,13:00,18:57
267,29,2024-01-12,08:03,12:00,13:00,17:36
268,30,2024-01-12,08:01,12:00,13:00,17:43
269,31,2024-01-12,08:11,12:00,13:00,18:07
270,32,2024-01-12,08:12,12:00,13:00,18:17
271,33,2024-01-12,08:09,12:00,13:00,18:41
272,34,2024-01-12,08:03,12:00,13:00,18:35
273,1,2024-01-13,08:04,12:00,13:00,18:57
274,2,2024-01-13,08:12,12:00,13:00,18:34
275,3,2024-01-13,08:04,12:00,13:00,18:15
276,4,2024-01-13,08:08,12:00,13:00,17:02
277,5,2024-01-13,08:08,12:00,13:00,17:11
278,6,2024-01-13,08:13,12:00,13:00,17:08
279,7,2024-01-13,08:07,12:00,13:00,17:52
280,8,2024-01-13,08:14,12:00,13:00,18:43
281,9,2024-01-13,08:10,12:00,13:00,17:28
282,10,2024-01-13,08:14,12:00,13:00,18:50
283,11,2024-01-13,08:01,12:00,13:00,18:43
284,12,2024-01-13,08:13,12:00,13:00,18:07
285,13,2024-01-13,08:07,12:00,13:00,17:42
286,14,2024-01-13,08:04,12:00,13:00,17:39
287,15,2024-01-13,08:06,12:00,13:00,18:31
288,16,2024-01-13,08:00,12:00,13:00,18:11
289,17,2024-01-13,08:04,12:00,13:00,18:07
290,18,2024-01-13,08:03,12:00,13:00,17:47
291,19,2024-01-13,08:03,12:00,13:00,17:32
292,20,2024-01-13,08:08,12:00,13:00,18:38
293,21,2024-01-13,08:03,12:00,13:00,18:58
294,22,2024-01-13,08:06,12:00,13:00,18:23
295,23,2024-01-13,08:13,12:00,13:00,17:57
296,24,2024-01-13,08:04,12:00,13:00,18:19
297,25,2024-01-13,08:04,12:00,13:00,18:25
298,26,2024-01-13,08:14,12:00,13:00,17:38
299,27,2024-01-13,08:14,12:00,13:00,17:30
300,28,2024-01-13,08:01,12:00,13:00,17:29
301,29,2024-01-13,08:05,12:00,13:00,18:32
302,30,2024-01-13,08:13,12:00,13:00,18:25
303,31,2024-01-13,08:12,12:00,13:00,18:49
304,32,2024-01-13,08:08,12:00,13:00,17:58
305,33,2024-01-13,08:12,12:00,13:00,18:39
306,34,2024-01-13,08:12,12:00,13:00,18:40
307,1,2024-01-14,08:10,12:00,13:00,17:12
308,2,2024-01-14,08:03,12:00,13:00,17:53
309,3,2024-01-14,08:03,12:00,13:00,18:06
310,4,2024-01-14,08:01,12:00,13:00,17:14
311,5,2024-01-14,08:05,12:00,13:00,17:43
312,6,2024-01-14,08:09,12:00,13:00,17:31
313,7,2024-01-14,08:01,12:00,13:00,18:31
314,8,2024-01-14,08:00,12:00,13:00,17:09
315,9,2024-01-14,08:05,12:00,13:00,18:11
316,10,2024-01-14,08:02,12:00,13:00,17:07
317,11,2024-01-14,08:01,12:00,13:00,18:26
318,12,2024-01-14,08:14,12:00,13:00,18:36
319,13,2024-01-14,08:06,12:00,13:00,18:50
320,14,2024-01-14,08:04,12:00,13:00,17:35
321,15,2024-01-14,08:03,12:00,13:00,17:42
322,16,2024-01-14,08:05,12:00,13:00,17:22
323,17,2024-01-14,08:03,12:00,13:00,18:18
324,18,2024-01-14,08:08,12:00,13:00,17:29
325,19,2024-01-14,08:09,12:00,13:00,17:52
326,20,2024-01-14,08:02,12:00,13:00,18:41
327,21,2024-01-14,08:08,12:00,13:00,18:06
328,22,2024-01-14,08:00,12:00,13:00,18:10
329,23,2024-01-14,08:08,12:00,13:00,17:24
330,24,2024-01-14,08:02,12:00,13:00,17:22
331,25,2024-01-14,08:08,12:00,13:00,18:50
332,26,2024-01-14,08:06,12:00,13:00,17:37
333,27,2024-01-14,08:06,12:00,13:00,17:59
334,28,2024-01-14,08:13,12:00,13:00,18:19
335,29,2024-01-14,08:05,12:00,13:00,17:12
336,30,2024-01-14,08:06,12:00,13:00,17:55
337,31,2024-01-14,08:00,12:00,13:00,18:17
338,32,2024-01-14,08:06,12:00,13:00,18:45
339,33,2024-01-14,08:09,12:00,13:00,18:11
340,34,2024-01-14,08:14,12:00,13:00,18:39
341,1,2024-01-15,08:08,12:00,13:00,17:51
342,2,2024-01-15,08:05,12:00,13:00,18:53
343,3,2024-01-15,08:05,12:00,13:00,18:05
344,4,2024-01-15,08:03,12:00,13:00,18:29
345,5,2024-01-15,08:04,12:00,13:00,18:45
346,6,2024-01-15,08:14,12:00,13:00,17:09
347,7,2024-01-15,08:09,12:00,13:00,17:50
348,8,2024-01-15,08:06,12:00,13:00,17:06
349,9,2024-01-15,08:06,12:00,13:00,17:16
350,10,2024-01-15,08:11,12:00,13:00,18:27
351,11,2024-01-15,08:08,12:00,13:00,18:48
352,12,2024-01-15,08:00,12:00,13:00,17:55
353,13,2024-01-15,08:08,12:00,13:00,17:11
354,14,2024-01-15,08:00,12:00,13:00,18:29
355,15,2024-01-15,08:14,12:00,13:00,17:13
356,16,2024-01-15,08:03,12:00,13:00,18:13
357,17,2024-01-15,08:10,12:00,13:00,18:47
358,18,2024-01-15,08:09,12:00,13:00,18:59
359,19,2024-01-15,08:12,12:00,13:00,18:46
360,20,2024-01-15,08:14,12:00,13:00,17:54
361,21,2024-01-15,08:12,12:00,13:00,17:17
362,22,2024-01-15,08:13,12:00,13:00,18:28
363,23,2024-01-15,08:13,12:00,13:00,17:20
364,24,2024-01-15,08:05,12:00,13:00,17:48
365,25,2024-01-15,08:13,12:00,13:00,17:23
366,26,2024-01-15,08:10,12:00,13:00,18:11
367,27,2024-01-15,08:02,12:00,13:00,18:53
368,28,2024-01-15,08:03,12:00,13:00,18:26
369,29,2024-01-15,08:05,12:00,13:00,17:27
370,30,2024-01-15,08:10,12:00,13:00,17:26
371,31,2024-01-15,08:05,12:00,13:00,18:33
372,32,2024-01-15,08:04,12:00,13:00,18:52
373,33,2024-01-15,08:09,12:00,13:00,18:22
374,34,2024-01-15,08:04,12:00,13:00,18:31
375,1,2024-01-16,08:13,12:00,13:00,17:19
376,2,2024-01-16,08:13,12:00,13:00,17:03
377,3,2024-01-16,08:10,12:00,13:00,17:22
378,4,2024-01-16,08:10,12:00,13:00,18:19
379,5,2024-01-16,08:06,12:00,13:00,17:16
380,6,2024-01-16,08:12,12:00,13:00,18:12
381,7,2024-01-16,08:00,12:00,13:00,17:22
382,8,2024-01-16,08:02,12:00,13:00,18:38
383,9,2024-01-16,08:11,12:00,13:00,17:56
384,10,2024-01-16,08:07,12:00,13:00,18:44
385,11,2024-01-16,08:04,12:00,13:00,18:18
386,12,2024-01-16,08:05,12:00,13:00,17:37
387,13,2024-01-16,08:10,12:00,13:00,18:14
388,14,2024-01-16,08:14,12:00,13:00,17:09
389,15,2024-01-16,08:07,12:00,13:00,17:53
390,16,2024-01-16,08:12,12:00,13:00,17:04
391,17,2024-01-16,08:06,12:00,13:00,18:09
392,18,2024-01-16,08:13,12:00,13:00,17:10
393,19,2024-01-16,08:09,12:00,13:00,17:19
394,20,2024-01-16,08:06,12:00,13:00,17:14
395,21,2024-01-16,08:01,12:00,13:00,18:03
396,22,2024-01-16,08:08,12:00,13:00,18:34
397,23,2024-01-16,08:11,12:00,13:00,18:40
398,24,2024-01-16,08:00,12:00,13:00,18:50
399,25,2024-01-16,08:04,12:00,13:00,18:38
400,26,2024-01-16,08:02,12:00,13:00,18:26
401,27,2024-01-16,08:07,12:00,13:00,18:40
402,28,2024-01-16,08:05,12:00,13:00,17:54
403,29,2024-01-16,08:09,12:00,13:00,18:21
404,30,2024-01-16,08:09,12:00,13:00,18:24
405,31,2024-01-16,08:02,12:00,13:00,17:40
406,32,2024-01-16,08:06,12:00,13:00,18:39
407,33,2024-01-16,08:08,12:00,13:00,18:52
408,34,2024-01-16,08:01,12:00,13:00,17:21
409,1,2024-01-17,08:03,12:00,13:00,18:28
410,2,2024-01-17,08:11,12:00,13:00,18:53
411,3,2024-01-17,08:01,12:00,13:00,17:45
412,4,2024-01-17,08:00,12:00,13:00,17:36
413,5,2024-01-17,08:02,12:00,13:00,18:37
414,6,2024-01-17,08:09,12:00,13:00,18:02
415,7,2024-01-17,08:05,12:00,13:00,18:08
416,8,2024-01-17,08:10,12:00,13:00,18:21
417,9,2024-01-17,08:05,12:00,13:00,18:42
418,10,2024-01-17,08:07,12:00,13:00,18:22
419,11,2024-01-17,08:11,12:00,13:00,18:35
420,12,2024-01-17,08:14,12:00,13:00,18:27
421,13,2024-01-17,08:07,12:00,13:00,18:36
422,14,2024-01-17,08:13,12:00,13:00,17:12
423,15,2024-01-17,08:04,12:00,13:00,17:05
424,16,2024-01-17,08:14,12:00,13:00,18:37
425,17,2024-01-17,08:03,12:00,13:00,17:44
426,18,2024-01-17,08:11,12:00,13:00,18:57
427,19,2024-01-17,08:13,12:00,13:00,17:34
428,20,2024-01-17,08:06,12:00,13:00,18:47
429,21,2024-01-17,08:00,12:00,13:00,17:48
430,22,2024-01-17,08:00,12:00,13:00,18:56
431,23,2024-01-17,08:12,12:00,13:00,18:44
432,24,2024-01-17,08:01,12:00,13:00,17:38
433,25,2024-01-17,08:06,12:00,13:00,18:24
434,26,2024-01-17,08:08,12:00,13:00,17:37
435,27,2024-01-17,08:09,12:00,13:00,17:25
436,28,2024-01-17,08:00,12:00,13:00,18:14
437,29,2024-01-17,08:06,12:00,13:00,18:45
438,30,2024-01-17,08:14,12:00,13:00,17:08
439,31,2024-01-17,08:03,12:00,13:00,18:34
440,32,2024-01-17,08:11,12:00,13:00,18:24
441,33,2024-01-17,08:01,12:00,13:00,18:16
442,34,2024-01-17,08:01,12:00,13:00,17:53
443,1,2024-01-18,08:06,12:00,13:00,18:24
444,2,2024-01-18,08:12,12:00,13:00,17:55
445,3,2024-01-18,08:08,12:00,13:00,18:22
446,4,2024-01-18,08:07,12:00,13:00,17:36
447,5,2024-01-18,08:12,12:00,13:00,17:07
448,6,2024-01-18,08:05,12:00,13:00,18:47
449,7,2024-01-18,08:05,12:00,13:00,17:39
450,8,2024-01-18,08:12,12:00,13:00,18:37
451,9,2024-01-18,08:03,12:00,13:00,18:18
452,10,2024-01-18,08:11,12:00,13:00,17:30
453,11,2024-01-18,08:02,12:00,13:00,18:32
454,12,2024-01-18,08:06,12:00,13:00,17:53
455,13,2024-01-18,08:05,12:00,13:00,17:44
456,14,2024-01-18,08:03,12:00,13:00,17:16
457,15,2024-01-18,08:00,12:00,13:00,17:16
458,16,2024-01-18,08:10,12:00,13:00,17:47
459,17,2024-01-18,08:01,12:00,13:00,17:11
460,18,2024-01-18,08:13,12:00,13:00,18:35
461,19,2024-01-18,08:11,12:00,13:00,18:34
462,20,2024-01-18,08:07,12:00,13:00,17:10
463,21,2024-01-18,08:09,12:00,13:00,17:30
464,22,2024-01-18,08:14,12:00,13:00,17:18
465,23,2024-01-18,08:11,12:00,13:00,17:51
466,24,2024-01-18,08:00,12:00,13:00,17:44
467,25,2024-01-18,08:00,12:00,13:00,18:27
468,26,2024-01-18,08:03,12:00,13:00,18:34
469,27,2024-01-18,08:05,12:00,13:00,18:21
470,28,2024-01-18,08:13,12:00,13:00,18:29
471,29,2024-01-18,08:02,12:00,13:00,18:34
472,30,2024-01-18,08:01,12:00,13:00,18:17
473,31,2024-01-18,08:01,12:00,13:00,18:17
474,32,2024-01-18,08:10,12:00,13:00,18:05
475,33,2024-01-18,08:08,12:00,13:00,18:41
476,34,2024-01-18,08:11,12:00,13:00,17:27
477,1,2024-01-19,08:06,12:00,13:00,18:24
478,2,2024-01-19,08:09,12:00,13:00,17:53
479,3,2024-01-19,08:08,12:00,13:00,18:22
480,4,2024-01-19,08:14,12:00,13:00,18:26
481,5,2024-01-19,08:13,12:00,13:00,17:58
482,6,2024-01-19,08:08,12:00,13:00,17:03
483,7,2024-01-19,08:10,12:00,13:00,18:10
484,8,2024-01-19,08:04,12:00,13:00,18:59
485,9,2024-01-19,08:11,12:00,13:00,18:17
486,10,2024-01-19,08:01,12:00,13:00,17:53
487,11,2024-01-19,08:05,12:00,13:00,17:42
488,12,2024-01-19,08:07,12:00,13:00,18:46
489,13,2024-01-19,08:02,12:00,13:00,18:17
490,14,2024-01-19,08:00,12:00,13:00,17:13
491,15,2024-01-19,08:02,12:00,13:00,17:15
492,16,2024-01-19,08:06,12:00,13:00,17:45
493,17,2024-01-19,08:08,12:00,13:00,18:34
494,18,2024-01-19,08:04,12:00,13:00,17:35
495,19,2024-01-19,08:02,12:00,13:00,18:20
496,20,2024-01-19,08:14,12:00,13:00,17:37
497,21,2024-01-19,08:01,12:00,13:00,17:58
498,22,2024-01-19,08:08,12:00,13:00,18:07
499,23,2024-01-19,08:00,12:00,13:00,17:03
500,24,2024-01-19,08:14,12:00,13:00,17:34
501,25,2024-01-19,08:02,12:00,13:00,18:52
502,26,2024-01-19,08:04,12:00,13:00,18:59
503,27,2024-01-19,08:06,12:00,13:00,17:44
504,28,2024-01-19,08:14,12:00,13:00,18:06
505,29,2024-01-19,08:03,12:00,13:00,17:50
506,30,2024-01-19,08:11,12:00,13:00,18:17
507,31,2024-01-19,08:14,12:00,13:00,18:32
508,32,2024-01-19,08:01,12:00,13:00,18:23
509,33,2024-01-19,08:05,12:00,13:00,17:51
510,34,2024-01-19,08:09,12:00,13:00,17:36
511,1,2024-01-20,08:01,12:00,13:00,18:11
512,2,2024-01-20,08:01,12:00,13:00,17:28
513,3,2024-01-20,08:10,12:00,13:00,18:34
514,4,2024-01-20,08:09,12:00,13:00,18:00
515,5,2024-01-20,08:09,12:00,13:00,18:33
516,6,2024-01-20,08:04,12:00,13:00,17:39
517,7,2024-01-20,08:06,12:00,13:00,18:42
518,8,2024-01-20,08:02,12:00,13:00,17:13
519,9,2024-01-20,08:02,12:00,13:00,17:57
520,10,2024-01-20,08:02,12:00,13:00,18:49
521,11,2024-01-20,08:06,12:00,13:00,17:14
522,12,2024-01-20,08:13,12:00,13:00,17:25
523,13,2024-01-20,08:06,12:00,13:00,18:15
524,14,2024-01-20,08:01,12:00,13:00,18:28
525,15,2024-01-20,08:05,12:00,13:00,17:56
526,16,2024-01-20,08:14,12:00,13:00,17:20
527,17,2024-01-20,08:02,12:00,13:00,17:20
528,18,2024-01-20,08:02,12:00,13:00,18:10
529,19,2024-01-20,08:12,12:00,13:00,18:28
530,20,2024-01-20,08:03,12:00,13:00,17:18
531,21,2024-01-20,08:02,12:00,13:00,17:11
532,22,2024-01-20,08:13,12:00,13:00,17:27
533,23,2024-01-20,08:08,12:00,13:00,17:25
534,24,2024-01-20,08:05,12:00,13:00,17:23
535,25,2024-01-20,08:05,12:00,13:00,17:19
536,26,2024-01-20,08:03,12:00,13:00,18:26
537,27,2024-01-20,08:02,12:00,13:00,17:01
538,28,2024-01-20,08:12,12:00,13:00,17:06
539,29,2024-01-20,08:11,12:00,13:00,18:36
540,30,2024-01-20,08:08,12:00,13:00,17:32
541,31,2024-01-20,08:13,12:00,13:00,17:45
542,32,2024-01-20,08:07,12:00,13:00,17:02
543,33,2024-01-20,08:13,12:00,13:00,17:46
544,34,2024-01-20,08:12,12:00,13:00,17:03
545,1,2024-01-21,08:11,12:00,13:00,17:55
546,2,2024-01-21,08:12,12:00,13:00,17:08
547,3,2024-01-21,08:05,12:00,13:00,18:03
548,4,2024-01-21,08:08,12:00,13:00,17:35
549,5,2024-01-21,08:14,12:00,13:00,17:59
550,6,2024-01-21,08:09,12:00,13:00,18:28
551,7,2024-01-21,08:09,12:00,13:00,17:26
552,8,2024-01-21,08:13,12:00,13:00,18:51
553,9,2024-01-21,08:11,12:00,13:00,17:36
554,10,2024-01-21,08:07,12:00,13:00,17:42
555,11,2024-01-21,08:00,12:00,13:00,18:01
556,12,2024-01-21,08:02,12:00,13:00,18:17
557,13,2024-01-21,08:09,12:00,13:00,18:24
558,14,2024-01-21,08:13,12:00,13:00,18:06
559,15,2024-01-21,08:00,12:00,13:00,17:27
560,16,2024-01-21,08:10,12:00,13:00,17:28
561,17,2024-01-21,08:06,12:00,13:00,17:26
562,18,2024-01-21,08:13,12:00,13:00,17:38
563,19,2024-01-21,08:08,12:00,13:00,17:43
564,20,2024-01-21,08:01,12:00,13:00,17:46
565,21,2024-01-21,08:03,12:00,13:00,18:45
566,22,2024-01-21,08:06,12:00,13:00,18:15
567,23,2024-01-21,08:10,12:00,13:00,17:12
568,24,2024-01-21,08:03,12:00,13:00,17:43
569,25,2024-01-21,08:14,12:00,13:00,17:02
570,26,2024-01-21,08:03,12:00,13:00,18:54
571,27,2024-01-21,08:02,12:00,13:00,17:52
572,28,2024-01-21,08:01,12:00,13:00,18:41
573,29,2024-01-21,08:02,12:00,13:00,18:35
574,30,2024-01-21,08:10,12:00,13:00,17:35
575,31,2024-01-21,08:07,12:00,13:00,18:46
576,32,2024-01-21,08:00,12:00,13:00,17:45
577,33,2024-01-21,08:03,12:00,13:00,18:17
578,34,2024-01-21,08:09,12:00,13:00,17:55
579,1,2024-01-22,08:02,12:00,13:00,18:38
580,2,2024-01-22,08:12,12:00,13:00,17:47
581,3,2024-01-22,08:08,12:00,13:00,18:49
582,4,2024-01-22,08:04,12:00,13:00,17:03
583,5,2024-01-22,08:02,12:00,13:00,17:05
584,6,2024-01-22,08:00,12:00,13:00,17:59
585,7,2024-01-22,08:05,12:00,13:00,18:49
586,8,2024-01-22,08:14,12:00,13:00,17:32
587,9,2024-01-22,08:00,12:00,13:00,17:27
588,10,2024-01-22,08:07,12:00,13:00,18:21
589,11,2024-01-22,08:09,12:00,13:00,18:32
590,12,2024-01-22,08:06,12:00,13:00,18:25
591,13,2024-01-22,08:09,12:00,13:00,17:53
592,14,2024-01-22,08:09,12:00,13:00,18:18
593,15,2024-01-22,08:13,12:00,13:00,18:28
594,16,2024-01-22,08:03,12:00,13:00,17:43
595,17,2024-01-22,08:12,12:00,13:00,17:12
596,18,2024-01-22,08:06,12:00,13:00,17:16
597,19,2024-01-22,08:06,12:00,13:00,17:08
598,20,2024-01-22,08:13,12:00,13:00,18:24
599,21,2024-01-22,08:00,12:00,13:00,17:57
600,22,2024-01-22,08:01,12:00,13:00,17:39
601,23,2024-01-22,08:08,12:00,13:00,18:51
602,24,2024-01-22,08:09,12:00,13:00,17:04
603,25,2024-01-22,08:00,12:00,13:00,18:37
604,26,2024-01-22,08:11,12:00,13:00,17:31
605,27,2024-01-22,08:03,12:00,13:00,18:56
606,28,2024-01-22,08:13,12:00,13:00,18:47
607,29,2024-01-22,08:08,12:00,13:00,18:01
608,30,2024-01-22,08:09,12:00,13:00,18:44
609,31,2024-01-22,08:11,12:00,13:00,18:58
610,32,2024-01-22,08:07,12:00,13:00,17:50
611,33,2024-01-22,08:08,12:00,13:00,17:57
612,34,2024-01-22,08:05,12:00,13:00,17:19
613,1,2024-01-23,08:07,12:00,13:00,17:31
614,2,2024-01-23,08:01,12:00,13:00,18:48
615,3,2024-01-23,08:03,12:00,13:00,18:51
616,4,2024-01-23,08:01,12:00,13:00,18:28
617,5,2024-01-23,08:03,12:00,13:00,18:49
618,6,2024-01-23,08:09,12:00,13:00,18:56
619,7,2024-01-23,08:03,12:00,13:00,17:19
620,8,2024-01-23,08:10,12:00,13:00,18:51
621,9,2024-01-23,08:11,12:00,13:00,18:03
622,10,2024-01-23,08:10,12:00,13:00,18:53
623,11,2024-01-23,08:03,12:00,13:00,18:57
624,12,2024-01-23,08:14,12:00,13:00,18:55
625,13,2024-01-23,08:08,12:00,13:00,17:02
626,14,2024-01-23,08:10,12:00,13:00,17:25
627,15,2024-01-23,08:14,12:00,13:00,17:40
628,16,2024-01-23,08:07,12:00,13:00,17:25
629,17,2024-01-23,08:04,12:00,13:00,18:16
630,18,2024-01-23,08:07,12:00,13:00,18:33
631,19,2024-01-23,08:02,12:00,13:00,17:11
632,20,2024-01-23,08:01,12:00,13:00,17:32
633,21,2024-01-23,08:01,12:00,13:00,18:28
634,22,2024-01-23,08:00,12:00,13:00,18:39
635,23,2024-01-23,08:03,12:00,13:00,17:30
636,24,2024-01-23,08:12,12:00,13:00,18:04
637,25,2024-01-23,08:14,12:00,13:00,18:43
638,26,2024-01-23,08:08,12:00,13:00,18:57
639,27,2024-01-23,08:04,12:00,13:00,17:52
640,28,2024-01-23,08:11,12:00,13:00,18:51
641,29,2024-01-23,08:13,12:00,13:00,17:27
642,30,2024-01-23,08:03,12:00,13:00,18:35
643,31,2024-01-23,08:08,12:00,13:00,17:01
644,32,2024-01-23,08:14,12:00,13:00,18:41
645,33,2024-01-23,08:05,12:00,13:00,18:18
646,34,2024-01-23,08:11,12:00,13:00,17:33
647,1,2024-01-24,08:08,12:00,13:00,17:29
648,2,2024-01-24,08:06,12:00,13:00,18:21
649,3,2024-01-24,08:10,12:00,13:00,18:45
650,4,2024-01-24,08:03,12:00,13:00,17:14
651,5,2024-01-24,08:08,12:00,13:00,18:14
652,6,2024-01-24,08:06,12:00,13:00,17:50
653,7,2024-01-24,08:11,12:00,13:00,18:52
654,8,2024-01-24,08:13,12:00,13:00,17:34
655,9,2024-01-24,08:11,12:00,13:00,18:09
656,10,2024-01-24,08:04,12:00,13:00,18:12
657,11,2024-01-24,08:06,12:00,13:00,18:38
658,12,2024-01-24,08:03,12:00,13:00,17:47
659,13,2024-01-24,08:11,12:00,13:00,17:09
660,14,2024-01-24,08:14,12:00,13:00,17:15
661,15,2024-01-24,08:01,12:00,13:00,17:28
662,16,2024-01-24,08:05,12:00,13:00,17:03
663,17,2024-01-24,08:12,12:00,13:00,17:28
664,18,2024-01-24,08:02,12:00,13:00,17:25
665,19,2024-01-24,08:10,12:00,13:00,18:43
666,20,2024-01-24,08:02,12:00,13:00,18:44
667,21,2024-01-24,08:00,12:00,13:00,18:07
668,22,2024-01-24,08:02,12:00,13:00,18:03
669,23,2024-01-24,08:10,12:00,13:00,18:43
670,24,2024-01-24,08:08,12:00,13:00,18:40
671,25,2024-01-24,08:02,12:00,13:00,17:25
672,26,2024-01-24,08:08,12:00,13:00,17:22
673,27,2024-01-24,08:14,12:00,13:00,18:13
674,28,2024-01-24,08:00,12:00,13:00,17:31
675,29,2024-01-24,08:07,12:00,13:00,17:54
676,30,2024-01-24,08:04,12:00,13:00,18:03
677,31,2024-01-24,08:09,12:00,13:00,18:16
678,32,2024-01-24,08:03,12:00,13:00,17:18
679,33,2024-01-24,08:03,12:00,13:00,17:41
680,34,2024-01-24,08:01,12:00,13:00,17:32
681,1,2024-01-25,08:09,12:00,13:00,18:06
682,2,2024-01-25,08:06,12:00,13:00,18:16
683,3,2024-01-25,08:09,12:00,13:00,18:29
684,4,2024-01-25,08:04,12:00,13:00,18:44
685,5,2024-01-25,08:09,12:00,13:00,18:52
686,6,2024-01-25,08:03,12:00,13:00,17:08
687,7,2024-01-25,08:00,12:00,13:00,18:11
688,8,2024-01-25,08:11,12:00,13:00,17:08
689,9,2024-01-25,08:07,12:00,13:00,18:29
690,10,2024-01-25,08:07,12:00,13:00,18:32
691,11,2024-01-25,08:05,12:00,13:00,17:00
692,12,2024-01-25,08:02,12:00,13:00,17:54
693,13,2024-01-25,08:01,12:00,13:00,18:18
694,14,2024-01-25,08:01,12:00,13:00,18:16
695,15,2024-01-25,08:14,12:00,13:00,17:45
696,16,2024-01-25,08:04,12:00,13:00,17:05
697,17,2024-01-25,08:07,12:00,13:00,18:48
698,18,2024-01-25,08:06,12:00,13:00,18:36
699,19,2024-01-25,08:03,12:00,13:00,18:37
700,20,2024-01-25,08:01,12:00,13:00,18:40
701,21,2024-01-25,08:12,12:00,13:00,17:03
702,22,2024-01-25,08:13,12:00,13:00,18:14
703,23,2024-01-25,08:08,12:00,13:00,17:41
704,24,2024-01-25,08:06,12:00,13:00,18:02
705,25,2024-01-25,08:10,12:00,13:00,17:40
706,26,2024-01-25,08:07,12:00,13:00,17:41
707,27,2024-01-25,08:12,12:00,13:00,18:31
708,28,2024-01-25,08:05,12:00,13:00,18:59
709,29,2024-01-25,08:04,12:00,13:00,18:11
710,30,2024-01-25,08:11,12:00,13:00,17:25
711,31,2024-01-25,08:09,12:00,13:00,18:41
712,32,2024-01-25,08:03,12:00,13:00,18:19
713,33,2024-01-25,08:09,12:00,13:00,17:32
714,34,2024-01-25,08:00,12:00,13:00,18:12
715,1,2024-01-26,08:05,12:00,13:00,18:55
716,2,2024-01-26,08:05,12:00,13:00,18:30
717,3,2024-01-26,08:06,12:00,13:00,17:44
718,4,2024-01-26,08:07,12:00,13:00,18:53
719,5,2024-01-26,08:03,12:00,13:00,17:57
720,6,2024-01-26,08:04,12:00,13:00,18:28
721,7,2024-01-26,08:01,12:00,13:00,17:07
722,8,2024-01-26,08:06,12:00,13:00,18:02
723,9,2024-01-26,08:12,12:00,13:00,18:51
724,10,2024-01-26,08:08,12:00,13:00,18:47
725,11,2024-01-26,08:14,12:00,13:00,18:32
726,12,2024-01-26,08:08,12:00,13:00,18:22
727,13,2024-01-26,08:07,12:00,13:00,17:37
728,14,2024-01-26,08:02,12:00,13:00,17:20
729,15,2024-01-26,08:04,12:00,13:00,18:01
730,16,2024-01-26,08:12,12:00,13:00,17:44
731,17,2024-01-26,08:13,12:00,13:00,17:53
732,18,2024-01-26,08:02,12:00,13:00,17:14
733,19,2024-01-26,08:03,12:00,13:00,18:27
734,20,2024-01-26,08:06,12:00,13:00,18:13
735,21,2024-01-26,08:03,12:00,13:00,18:18
736,22,2024-01-26,08:14,12:00,13:00,18:18
737,23,2024-01-26,08:06,12:00,13:00,17:40
738,24,2024-01-26,08:10,12:00,13:00,17:51
739,25,2024-01-26,08:00,12:00,13:00,17:32
740,26,2024-01-26,08:00,12:00,13:00,17:00
741,27,2024-01-26,08:01,12:00,13:00,18:21
742,28,2024-01-26,08:13,12:00,13:00,18:50
743,29,2024-01-26,08:01,12:00,13:00,18:02
744,30,2024-01-26,08:10,12:00,13:00,18:42
745,31,2024-01-26,08:00,12:00,13:00,17:19
746,32,2024-01-26,08:07,12:00,13:00,18:58
747,33,2024-01-26,08:12,12:00,13:00,18:51
748,34,2024-01-26,08:01,12:00,13:00,18:27
749,1,2024-01-27,08:02,12:00,13:00,17:01
750,2,2024-01-27,08:05,12:00,13:00,18:37
751,3,2024-01-27,08:11,12:00,13:00,18:52
752,4,2024-01-27,08:14,12:00,13:00,17:01
753,5,2024-01-27,08:00,12:00,13:00,18:04
754,6,2024-01-27,08:03,12:00,13:00,18:15
755,7,2024-01-27,08:00,12:00,13:00,17:34
756,8,2024-01-27,08:11,12:00,13:00,18:05
757,9,2024-01-27,08:05,12:00,13:00,18:27
758,10,2024-01-27,08:12,12:00,13:00,18:23
759,11,2024-01-27,08:09,12:00,13:00,17:26
760,12,2024-01-27,08:13,12:00,13:00,18:26
761,13,2024-01-27,08:06,12:00,13:00,18:36
762,14,2024-01-27,08:08,12:00,13:00,18:05
763,15,2024-01-27,08:12,12:00,13:00,18:37
764,16,2024-01-27,08:02,12:00,13:00,18:05
765,17,2024-01-27,08:14,12:00,13:00,18:45
766,18,2024-01-27,08:04,12:00,13:00,17:16
767,19,2024-01-27,08:01,12:00,13:00,18:10
768,20,2024-01-27,08:07,12:00,13:00,18:32
769,21,2024-01-27,08:01,12:00,13:00,17:04
770,22,2024-01-27,08:06,12:00,13:00,17:23
771,23,2024-01-27,08:14,12:00,13:00,18:32
772,24,2024-01-27,08:09,12:00,13:00,18:49
773,25,2024-01-27,08:13,12:00,13:00,17:16
774,26,2024-01-27,08:08,12:00,13:00,18:24
775,27,2024-01-27,08:01,12:00,13:00,18:08
776,28,2024-01-27,08:03,12:00,13:00,18:32
777,29,2024-01-27,08:07,12:00,13:00,18:17
778,30,2024-01-27,08:12,12:00,13:00,17:53
779,31,2024-01-27,08:11,12:00,13:00,18:14
780,32,2024-01-27,08:00,12:00,13:00,17:35
781,33,2024-01-27,08:14,12:00,13:00,18:45
782,34,2024-01-27,08:04,12:00,13:00,17:35
783,1,2024-01-28,08:02,12:00,13:00,17:43
784,2,2024-01-28,08:00,12:00,13:00,18:48
785,3,2024-01-28,08:10,12:00,13:00,17:42
786,4,2024-01-28,08:02,12:00,13:00,18:01
787,5,2024-01-28,08:13,12:00,13:00,18:14
788,6,2024-01-28,08:13,12:00,13:00,17:55
789,7,2024-01-28,08:02,12:00,13:00,18:27
790,8,2024-01-28,08:02,12:00,13:00,17:46
791,9,2024-01-28,08:02,12:00,13:00,18:25
792,10,2024-01-28,08:11,12:00,13:00,17:41
793,11,2024-01-28,08:07,12:00,13:00,17:57
794,12,2024-01-28,08:13,12:00,13:00,17:16
795,13,2024-01-28,08:07,12:00,13:00,17:38
796,14,2024-01-28,08:12,12:00,13:00,17:26
797,15,2024-01-28,08:14,12:00,13:00,18:10
798,16,2024-01-28,08:14,12:00,13:00,18:18
799,17,2024-01-28,08:00,12:00,13:00,17:30
800,18,2024-01-28,08:02,12:00,13:00,17:31
801,19,2024-01-28,08:10,12:00,13:00,18:26
802,20,2024-01-28,08:01,12:00,13:00,18:39
803,21,2024-01-28,08:03,12:00,13:00,17:24
804,22,2024-01-28,08:01,12:00,13:00,18:00
805,23,2024-01-28,08:02,12:00,13:00,17:07
806,24,2024-01-28,08:07,12:00,13:00,17:41
807,25,2024-01-28,08:05,12:00,13:00,18:33
808,26,2024-01-28,08:02,12:00,13:00,18:56
809,27,2024-01-28,08:13,12:00,13:00,18:55
810,28,2024-01-28,08:12,12:00,13:00,17:28
811,29,2024-01-28,08:02,12:00,13:00,17:23
812,30,2024-01-28,08:09,12:00,13:00,18:23
813,31,2024-01-28,08:01,12:00,13:00,17:22
814,32,2024-01-28,08:09,12:00,13:00,18:27
815,33,2024-01-28,08:05,12:00,13:00,17:29
816,34,2024-01-28,08:01,12:00,13:00,17:33
817,1,2024-01-29,08:03,12:00,13:00,17:40
818,2,2024-01-29,08:12,12:00,13:00,18:19
819,3,2024-01-29,08:03,12:00,13:00,18:54
820,4,2024-01-29,08:01,12:00,13:00,17:31
821,5,2024-01-29,08:13,12:00,13:00,18:17
822,6,2024-01-29,08:08,12:00,13:00,18:02
823,7,2024-01-29,08:10,12:00,13:00,17:52
824,8,2024-01-29,08:11,12:00,13:00,18:22
825,9,2024-01-29,08:05,12:00,13:00,17:43
826,10,2024-01-29,08:12,12:00,13:00,17:19
827,11,2024-01-29,08:02,12:00,13:00,17:02
828,12,2024-01-29,08:00,12:00,13:00,17:57
829,13,2024-01-29,08:14,12:00,13:00,17:49
830,14,2024-01-29,08:03,12:00,13:00,18:38
831,15,2024-01-29,08:11,12:00,13:00,18:36
832,16,2024-01-29,08:08,12:00,13:00,18:04
833,17,2024-01-29,08:06,12:00,13:00,17:25
834,18,2024-01-29,08:05,12:00,13:00,18:54
835,19,2024-01-29,08:10,12:00,13:00,18:59
836,20,2024-01-29,08:12,12:00,13:00,17:05
837,21,2024-01-29,08:05,12:00,13:00,17:38
838,22,2024-01-29,08:04,12:00,13:00,17:45
839,23,2024-01-29,08:14,12:00,13:00,18:37
840,24,2024-01-29,08:11,12:00,13:00,18:35
841,25,2024-01-29,08:00,12:00,13:00,17:09
842,26,2024-01-29,08:08,12:00,13:00,17:52
843,27,2024-01-29,08:06,12:00,13:00,18:03
844,28,2024-01-29,08:13,12:00,13:00,18:13
845,29,2024-01-29,08:12,12:00,13:00,17:50
846,30,2024-01-29,08:05,12:00,13:00,17:08
847,31,2024-01-29,08:04,12:00,13:00,17:31
848,32,2024-01-29,08:05,12:00,13:00,18:17
849,33,2024-01-29,08:11,12:00,13:00,18:59
850,34,2024-01-29,08:10,12:00,13:00,18:16
851,1,2024-01-30,08:08,12:00,13:00,18:48
852,2,2024-01-30,08:09,12:00,13:00,17:56
853,3,2024-01-30,08:13,12:00,13:00,17:11
854,4,2024-01-30,08:00,12:00,13:00,18:55
855,5,2024-01-30,08:13,12:00,13:00,18:43
856,6,2024-01-30,08:01,12:00,13:00,17:14
857,7,2024-01-30,08:12,12:00,13:00,17:46
858,8,2024-01-30,08:14,12:00,13:00,17:32
859,9,2024-01-30,08:14,12:00,13:00,18:34
860,10,2024-01-30,08:12,12:00,13:00,17:13
861,11,2024-01-30,08:12,12:00,13:00,18:31
862,12,2024-01-30,08:03,12:00,13:00,17:29
863,13,2024-01-30,08:05,12:00,13:00,18:08
864,14,2024-01-30,08:10,12:00,13:00,18:49
865,15,2024-01-30,08:04,12:00,13:00,18:01
866,16,2024-01-30,08:00,12:00,13:00,18:13
867,17,2024-01-30,08:09,12:00,13:00,17:41
868,18,2024-01-30,08:07,12:00,13:00,18:19
869,19,2024-01-30,08:05,12:00,13:00,17:30
870,20,2024-01-30,08:02,12:00,13:00,17:25
871,21,2024-01-30,08:10,12:00,13:00,18:43
872,22,2024-01-30,08:12,12:00,13:00,18:57
873,23,2024-01-30,08:12,12:00,13:00,18:43
874,24,2024-01-30,08:12,12:00,13:00,17:00
875,25,2024-01-30,08:03,12:00,13:00,18:03
876,26,2024-01-30,08:07,12:00,13:00,17:47
877,27,2024-01-30,08:04,12:00,13:00,18:51
878,28,2024-01-30,08:04,12:00,13:00,17:51
879,29,2024-01-30,08:00,12:00,13:00,17:48
880,30,2024-01-30,08:00,12:00,13:00,18:40
881,31,2024-01-30,08:12,12:00,13:00,17:50
882,32,2024-01-30,08:05,12:00,13:00,17:40
883,33,2024-01-30,08:05,12:00,13:00,18:43
884,34,2024-01-30,08:08,12:00,13:00,17:26
885,1,2024-01-31,08:08,12:00,13:00,18:11
886,2,2024-01-31,08:10,12:00,13:00,18:48
887,3,2024-01-31,08:00,12:00,13:00,17:25
888,4,2024-01-31,08:12,12:00,13:00,18:46
889,5,2024-01-31,08:03,12:00,13:00,17:24
890,6,2024-01-31,08:05,12:00,13:00,18:52
891,7,2024-01-31,08:13,12:00,13:00,18:34
892,8,2024-01-31,08:14,12:00,13:00,17:50
893,9,2024-01-31,08:02,12:00,13:00,17:23
894,10,2024-01-31,08:11,12:00,13:00,17:00
895,11,2024-01-31,08:13,12:00,13:00,18:20
896,12,2024-01-31,08:06,12:00,13:00,18:59
897,13,2024-01-31,08:07,12:00,13:00,18:04
898,14,2024-01-31,08:13,12:00,13:00,18:48
899,15,2024-01-31,08:01,12:00,13:00,17:00
900,16,2024-01-31,08:07,12:00,13:00,18:40
901,17,2024-01-31,08:12,12:00,13:00,18:44
902,18,2024-01-31,08:08,12:00,13:00,17:01
903,19,2024-01-31,08:10,12:00,13:00,17:22
904,20,2024-01-31,08:12,12:00,13:00,18:53
905,21,2024-01-31,08:11,12:00,13:00,17:11
906,22,2024-01-31,08:00,12:00,13:00,18:07
907,23,2024-01-31,08:00,12:00,13:00,17:01
908,24,2024-01-31,08:10,12:00,13:00,17:55
909,25,2024-01-31,08:04,12:00,13:00,17:24
910,26,2024-01-31,08:08,12:00,13:00,17:11
911,27,2024-01-31,08:07,12:00,13:00,18:07
912,28,2024-01-31,08:10,12:00,13:00,18:31
913,29,2024-01-31,08:00,12:00,13:00,18:59
914,30,2024-01-31,08:08,12:00,13:00,18:28
915,31,2024-01-31,08:02,12:00,13:00,17:22
916,32,2024-01-31,08:06,12:00,13:00,17:53
917,33,2024-01-31,08:07,12:00,13:00,17:19
918,34,2024-01-31,08:01,12:00,13:00,17:37
919,1,2024-02-01,08:04,12:00,13:00,18:41
920,2,2024-02-01,08:14,12:00,13:00,18:32
921,3,2024-02-01,08:14,12:00,13:00,17:21
922,4,2024-02-01,08:01,12:00,13:00,17:28
923,5,2024-02-01,08:01,12:00,13:00,18:03
924,6,2024-02-01,08:06,12:00,13:00,18:14
925,7,2024-02-01,08:09,12:00,13:00,18:12
926,8,2024-02-01,08:04,12:00,13:00,18:32
927,9,2024-02-01,08:08,12:00,13:00,18:21
928,10,2024-02-01,08:14,12:00,13:00,17:46
929,11,2024-02-01,08:08,12:00,13:00,18:11
930,12,2024-02-01,08:04,12:00,13:00,18:44
931,13,2024-02-01,08:06,12:00,13:00,17:44
932,14,2024-02-01,08:03,12:00,13:00,18:52
933,15,2024-02-01,08:07,12:00,13:00,18:29
934,16,2024-02-01,08:10,12:00,13:00,18:37
935,17,2024-02-01,08:03,12:00,13:00,17:21
936,18,2024-02-01,08:10,12:00,13:00,17:01
937,19,2024-02-01,08:00,12:00,13:00,18:52
938,20,2024-02-01,08:11,12:00,13:00,17:09
939,21,2024-02-01,08:03,12:00,13:00,17:36
940,22,2024-02-01,08:06,12:00,13:00,17:29
941,23,2024-02-01,08:09,12:00,13:00,18:58
942,24,2024-02-01,08:04,12:00,13:00,17:26
943,25,2024-02-01,08:09,12:00,13:00,18:29
944,26,2024-02-01,08:00,12:00,13:00,18:03
945,27,2024-02-01,08:05,12:00,13:00,18:00
946,28,2024-02-01,08:00,12:00,13:00,18:14
947,29,2024-02-01,08:13,12:00,13:00,18:09
948,30,2024-02-01,08:05,12:00,13:00,17:13
949,31,2024-02-01,08:03,12:00,13:00,17:20
950,32,2024-02-01,08:10,12:00,13:00,18:54
951,33,2024-02-01,08:14,12:00,13:00,17:56
952,34,2024-02-01,08:11,12:00,13:00,17:28
953,1,2024-02-02,08:03,12:00,13:00,18:29
954,2,2024-02-02,08:11,12:00,13:00,17:41
955,3,2024-02-02,08:10,12:00,13:00,17:00
956,4,2024-02-02,08:04,12:00,13:00,17:49
957,5,2024-02-02,08:05,12:00,13:00,17:35
958,6,2024-02-02,08:11,12:00,13:00,17:48
959,7,2024-02-02,08:11,12:00,13:00,18:01
960,8,2024-02-02,08:03,12:00,13:00,18:35
961,9,2024-02-02,08:02,12:00,13:00,17:11
962,10,2024-02-02,08:08,12:00,13:00,18:55
963,11,2024-02-02,08:11,12:00,13:00,18:12
964,12,2024-02-02,08:01,12:00,13:00,17:07
965,13,2024-02-02,08:09,12:00,13:00,18:18
966,14,2024-02-02,08:12,12:00,13:00,17:29
967,15,2024-02-02,08:11,12:00,13:00,18:04
968,16,2024-02-02,08:02,12:00,13:00,18:39
969,17,2024-02-02,08:07,12:00,13:00,17:22
970,18,2024-02-02,08:12,12:00,13:00,17:40
971,19,2024-02-02,08:02,12:00,13:00,17:42
972,20,2024-02-02,08:08,12:00,13:00,17:51
973,21,2024-02-02,08:00,12:00,13:00,17:00
974,22,2024-02-02,08:05,12:00,13:00,18:16
975,23,2024-02-02,08:00,12:00,13:00,17:17
976,24,2024-02-02,08:13,12:00,13:00,17:07
977,25,2024-02-02,08:10,12:00,13:00,17:27
978,26,2024-02-02,08:04,12:00,13:00,18:26
979,27,2024-02-02,08:13,12:00,13:00,18:46
980,28,2024-02-02,08:12,12:00,13:00,18:24
981,29,2024-02-02,08:03,12:00,13:00,18:46
982,30,2024-02-02,08:01,12:00,13:00,18:58
983,31,2024-02-02,08:08,12:00,13:00,18:09
984,32,2024-02-02,08:01,12:00,13:00,18:25
985,33,2024-02-02,08:14,12:00,13:00,17:35
986,34,2024-02-02,08:11,12:00,13:00,18:09
987,1,2024-02-03,08:10,12:00,13:00,17:18
988,2,2024-02-03,08:10,12:00,13:00,17:50
989,3,2024-02-03,08:04,12:00,13:00,17:33
990,4,2024-02-03,08:13,12:00,13:00,18:01
991,5,2024-02-03,08:06,12:00,13:00,18:44
992,6,2024-02-03,08:11,12:00,13:00,18:04
993,7,2024-02-03,08:10,12:00,13:00,18:53
994,8,2024-02-03,08:09,12:00,13:00,17:16
995,9,2024-02-03,08:05,12:00,13:00,18:53
996,10,2024-02-03,08:11,12:00,13:00,17:31
997,11,2024-02-03,08:12,12:00,13:00,17:42
998,12,2024-02-03,08:05,12:00,13:00,18:30
999,13,2024-02-03,08:05,12:00,13:00,17:18
1000,14,2024-02-03,08:01,12:00,13:00,17:08
1001,15,2024-02-03,08:12,12:00,13:00,18:22
1002,16,2024-02-03,08:10,12:00,13:00,18:42
1003,17,2024-02-03,08:01,12:00,13:00,17:54
1004,18,2024-02-03,08:12,12:00,13:00,17:20
1005,19,2024-02-03,08:04,12:00,13:00,17:22
1006,20,2024-02-03,08:03,12:00,13:00,17:54
1007,21,2024-02-03,08:12,12:00,13:00,17:53
1008,22,2024-02-03,08:08,12:00,13:00,18:11
1009,23,2024-02-03,08:11,12:00,13:00,17:54
1010,24,2024-02-03,08:14,12:00,13:00,17:28
1011,25,2024-02-03,08:13,12:00,13:00,17:33
1012,26,2024-02-03,08:10,12:00,13:00,18:05
1013,27,2024-02-03,08:00,12:00,13:00,17:23
1014,28,2024-02-03,08:09,12:00,13:00,17:39
1015,29,2024-02-03,08:01,12:00,13:00,18:05
1016,30,2024-02-03,08:14,12:00,13:00,18:12
1017,31,2024-02-03,08:04,12:00,13:00,17:51
1018,32,2024-02-03,08:06,12:00,13:00,17:55
1019,33,2024-02-03,08:04,12:00,13:00,17:13
1020,34,2024-02-03,08:02,12:00,13:00,18:30
1021,1,2024-02-04,08:13,12:00,13:00,18:27
1022,2,2024-02-04,08:02,12:00,13:00,18:15
1023,3,2024-02-04,08:08,12:00,13:00,17:13
1024,4,2024-02-04,08:08,12:00,13:00,18:58
1025,5,2024-02-04,08:00,12:00,13:00,18:06
1026,6,2024-02-04,08:09,12:00,13:00,17:48
1027,7,2024-02-04,08:08,12:00,13:00,17:24
1028,8,2024-02-04,08:04,12:00,13:00,18:19
1029,9,2024-02-04,08:00,12:00,13:00,18:24
1030,10,2024-02-04,08:02,12:00,13:00,18:10
1031,11,2024-02-04,08:12,12:00,13:00,18:37
1032,12,2024-02-04,08:13,12:00,13:00,17:15
1033,13,2024-02-04,08:09,12:00,13:00,18:50
1034,14,2024-02-04,08:08,12:00,13:00,17:51
1035,15,2024-02-04,08:13,12:00,13:00,18:12
1036,16,2024-02-04,08:00,12:00,13:00,17:07
1037,17,2024-02-04,08:02,12:00,13:00,17:06
1038,18,2024-02-04,08:11,12:00,13:00,17:08
1039,19,2024-02-04,08:05,12:00,13:00,17:08
1040,20,2024-02-04,08:12,12:00,13:00,18:08
1041,21,2024-02-04,08:05,12:00,13:00,18:46
1042,22,2024-02-04,08:06,12:00,13:00,17:24
1043,23,2024-02-04,08:02,12:00,13:00,17:48
1044,24,2024-02-04,08:13,12:00,13:00,17:27
1045,25,2024-02-04,08:00,12:00,13:00,17:58
1046,26,2024-02-04,08:01,12:00,13:00,17:39
1047,27,2024-02-04,08:10,12:00,13:00,17:45
1048,28,2024-02-04,08:03,12:00,13:00,17:12
1049,29,2024-02-04,08:04,12:00,13:00,18:32
1050,30,2024-02-04,08:01,12:00,13:00,17:12
1051,31,2024-02-04,08:08,12:00,13:00,17:52
1052,32,2024-02-04,08:12,12:00,13:00,18:31
1053,33,2024-02-04,08:12,12:00,13:00,17:26
1054,34,2024-02-04,08:09,12:00,13:00,18:28
1055,1,2024-02-05,08:04,12:00,13:00,17:20
1056,2,2024-02-05,08:11,12:00,13:00,17:36
1057,3,2024-02-05,08:14,12:00,13:00,17:44
1058,4,2024-02-05,08:11,12:00,13:00,17:37
1059,5,2024-02-05,08:12,12:00,13:00,18:14
1060,6,2024-02-05,08:09,12:00,13:00,17:04
1061,7,2024-02-05,08:06,12:00,13:00,18:40
1062,8,2024-02-05,08:10,12:00,13:00,18:30
1063,9,2024-02-05,08:05,12:00,13:00,18:17
1064,10,2024-02-05,08:05,12:00,13:00,17:45
1065,11,2024-02-05,08:06,12:00,13:00,17:24
1066,12,2024-02-05,08:13,12:00,13:00,17:18
1067,13,2024-02-05,08:05,12:00,13:00,17:10
1068,14,2024-02-05,08:07,12:00,13:00,17:01
1069,15,2024-02-05,08:12,12:00,13:00,17:35
1070,16,2024-02-05,08:04,12:00,13:00,17:10
1071,17,2024-02-05,08:00,12:00,13:00,18:04
1072,18,2024-02-05,08:13,12:00,13:00,17:35
1073,19,2024-02-05,08:13,12:00,13:00,17:24
1074,20,2024-02-05,08:00,12:00,13:00,18:06
1075,21,2024-02-05,08:01,12:00,13:00,18:13
1076,22,2024-02-05,08:06,12:00,13:00,18:46
1077,23,2024-02-05,08:03,12:00,13:00,18:33
1078,24,2024-02-05,08:00,12:00,13:00,18:20
1079,25,2024-02-05,08:08,12:00,13:00,17:16
1080,26,2024-02-05,08:00,12:00,13:00,18:59
1081,27,2024-02-05,08:00,12:00,13:00,18:54
1082,28,2024-02-05,08:13,12:00,13:00,18:10
1083,29,2024-02-05,08:06,12:00,13:00,17:44
1084,30,2024-02-05,08:01,12:00,13:00,17:25
1085,31,2024-02-05,08:11,12:00,13:00,17:19
1086,32,2024-02-05,08:04,12:00,13:00,18:24
1087,33,2024-02-05,08:04,12:00,13:00,17:57
1088,34,2024-02-05,08:03,12:00,13:00,17:41
1089,1,2024-02-06,08:02,12:00,13:00,18:01
1090,2,2024-02-06,08:08,12:00,13:00,17:28
1091,3,2024-02-06,08:10,12:00,13:00,18:36
1092,4,2024-02-06,08:03,12:00,13:00,17:02
1093,5,2024-02-06,08:10,12:00,13:00,17:43
1094,6,2024-02-06,08:14,12:00,13:00,18:18
1095,7,2024-02-06,08:14,12:00,13:00,17:09
1096,8,2024-02-06,08:06,12:00,13:00,17:56
1097,9,2024-02-06,08:13,12:00,13:00,17:54
1098,10,2024-02-06,08:14,12:00,13:00,18:27
1099,11,2024-02-06,08:09,12:00,13:00,17:31
1100,12,2024-02-06,08:01,12:00,13:00,18:34
1101,13,2024-02-06,08:01,12:00,13:00,18:53
1102,14,2024-02-06,08:05,12:00,13:00,18:23
1103,15,2024-02-06,08:09,12:00,13:00,18:26
1104,16,2024-02-06,08:08,12:00,13:00,17:11
1105,17,2024-02-06,08:08,12:00,13:00,18:50
1106,18,2024-02-06,08:08,12:00,13:00,17:09
1107,19,2024-02-06,08:10,12:00,13:00,18:02
1108,20,2024-02-06,08:00,12:00,13:00,17:48
1109,21,2024-02-06,08:03,12:00,13:00,17:19
1110,22,2024-02-06,08:02,12:00,13:00,18:47
1111,23,2024-02-06,08:10,12:00,13:00,18:50
1112,24,2024-02-06,08:03,12:00,13:00,18:54
1113,25,2024-02-06,08:07,12:00,13:00,17:38
1114,26,2024-02-06,08:11,12:00,13:00,18:46
1115,27,2024-02-06,08:14,12:00,13:00,17:54
1116,28,2024-02-06,08:03,12:00,13:00,17:21
1117,29,2024-02-06,08:02,12:00,13:00,18:42
1118,30,2024-02-06,08:05,12:00,13:00,17:55
1119,31,2024-02-06,08:00,12:00,13:00,18:18
1120,32,2024-02-06,08:12,12:00,13:00,18:04
1121,33,2024-02-06,08:10,12:00,13:00,17:16
1122,34,2024-02-06,08:12,12:00,13:00,17:23
1123,1,2024-02-07,08:13,12:00,13:00,18:46
1124,2,2024-02-07,08:11,12:00,13:00,17:51
1125,3,2024-02-07,08:11,12:00,13:00,18:00
1126,4,2024-02-07,08:14,12:00,13:00,18:19
1127,5,2024-02-07,08:02,12:00,13:00,18:17
1128,6,2024-02-07,08:04,12:00,13:00,18:38
1129,7,2024-02-07,08:07,12:00,13:00,18:20
1130,8,2024-02-07,08:00,12:00,13:00,17:57
1131,9,2024-02-07,08:11,12:00,13:00,18:16
1132,10,2024-02-07,08:10,12:00,13:00,17:37
1133,11,2024-02-07,08:14,12:00,13:00,17:04
1134,12,2024-02-07,08:02,12:00,13:00,18:10
1135,13,2024-02-07,08:05,12:00,13:00,17:46
1136,14,2024-02-07,08:14,12:00,13:00,18:35
1137,15,2024-02-07,08:05,12:00,13:00,18:11
1138,16,2024-02-07,08:08,12:00,13:00,17:42
1139,17,2024-02-07,08:12,12:00,13:00,18:28
1140,18,2024-02-07,08:10,12:00,13:00,18:27
1141,19,2024-02-07,08:12,12:00,13:00,17:40
1142,20,2024-02-07,08:06,12:00,13:00,18:47
1143,21,2024-02-07,08:00,12:00,13:00,17:35
1144,22,2024-02-07,08:03,12:00,13:00,17:36
1145,23,2024-02-07,08:02,12:00,13:00,18:02
1146,24,2024-02-07,08:04,12:00,13:00,17:36
1147,25,2024-02-07,08:03,12:00,13:00,17:41
1148,26,2024-02-07,08:12,12:00,13:00,18:40
1149,27,2024-02-07,08:14,12:00,13:00,17:25
1150,28,2024-02-07,08:13,12:00,13:00,18:20
1151,29,2024-02-07,08:13,12:00,13:00,18:53
1152,30,2024-02-07,08:06,12:00,13:00,17:33
1153,31,2024-02-07,08:08,12:00,13:00,18:18
1154,32,2024-02-07,08:00,12:00,13:00,17:09
1155,33,2024-02-07,08:12,12:00,13:00,17:42
1156,34,2024-02-07,08:04,12:00,13:00,17:11
1157,1,2024-02-08,08:06,12:00,13:00,17:43
1158,2,2024-02-08,08:08,12:00,13:00,18:48
1159,3,2024-02-08,08:04,12:00,13:00,18:32
1160,4,2024-02-08,08:09,12:00,13:00,17:15
1161,5,2024-02-08,08:13,12:00,13:00,18:17
1162,6,2024-02-08,08:09,12:00,13:00,18:07
1163,7,2024-02-08,08:02,12:00,13:00,17:35
1164,8,2024-02-08,08:08,12:00,13:00,18:14
1165,9,2024-02-08,08:11,12:00,13:00,17:19
1166,10,2024-02-08,08:00,12:00,13:00,17:02
1167,11,2024-02-08,08:06,12:00,13:00,18:12
1168,12,2024-02-08,08:10,12:00,13:00,18:08
1169,13,2024-02-08,08:06,12:00,13:00,17:10
1170,14,2024-02-08,08:12,12:00,13:00,18:57
1171,15,2024-02-08,08:06,12:00,13:00,17:29
1172,16,2024-02-08,08:03,12:00,13:00,17:33
1173,17,2024-02-08,08:09,12:00,13:00,18:57
1174,18,2024-02-08,08:03,12:00,13:00,17:17
1175,19,2024-02-08,08:02,12:00,13:00,18:20
1176,20,2024-02-08,08:08,12:00,13:00,18:28
1177,21,2024-02-08,08:14,12:00,13:00,17:59
1178,22,2024-02-08,08:14,12:00,13:00,18:27
1179,23,2024-02-08,08:14,12:00,13:00,18:48
1180,24,2024-02-08,08:11,12:00,13:00,17:03
1181,25,2024-02-08,08:07,12:00,13:00,18:02
1182,26,2024-02-08,08:12,12:00,13:00,17:58
1183,27,2024-02-08,08:03,12:00,13:00,18:55
1184,28,2024-02-08,08:06,12:00,13:00,18:19
1185,29,2024-02-08,08:14,12:00,13:00,17:37
1186,30,2024-02-08,08:10,12:00,13:00,17:25
1187,31,2024-02-08,08:14,12:00,13:00,18:57
1188,32,2024-02-08,08:01,12:00,13:00,18:08
1189,33,2024-02-08,08:08,12:00,13:00,18:32
1190,34,2024-02-08,08:14,12:00,13:00,18:02
1191,1,2024-02-09,08:09,12:00,13:00,18:30
1192,2,2024-02-09,08:08,12:00,13:00,17:00
1193,3,2024-02-09,08:13,12:00,13:00,18:38
1194,4,2024-02-09,08:07,12:00,13:00,17:41
1195,5,2024-02-09,08:03,12:00,13:00,18:24
1196,6,2024-02-09,08:09,12:00,13:00,18:30
1197,7,2024-02-09,08:10,12:00,13:00,18:42
1198,8,2024-02-09,08:11,12:00,13:00,17:00
1199,9,2024-02-09,08:06,12:00,13:00,17:57
1200,10,2024-02-09,08:01,12:00,13:00,17:48
1201,11,2024-02-09,08:05,12:00,13:00,18:20
1202,12,2024-02-09,08:11,12:00,13:00,17:51
1203,13,2024-02-09,08:01,12:00,13:00,18:06
1204,14,2024-02-09,08:02,12:00,13:00,18:19
1205,15,2024-02-09,08:02,12:00,13:00,17:45
1206,16,2024-02-09,08:08,12:00,13:00,17:41
1207,17,2024-02-09,08:07,12:00,13:00,17:05
1208,18,2024-02-09,08:11,12:00,13:00,17:39
1209,19,2024-02-09,08:01,12:00,13:00,17:35
1210,20,2024-02-09,08:13,12:00,13:00,17:24
1211,21,2024-02-09,08:06,12:00,13:00,17:32
1212,22,2024-02-09,08:04,12:00,13:00,18:45
1213,23,2024-02-09,08:05,12:00,13:00,17:50
1214,24,2024-02-09,08:10,12:00,13:00,17:01
1215,25,2024-02-09,08:06,12:00,13:00,18:37
1216,26,2024-02-09,08:04,12:00,13:00,17:58
1217,27,2024-02-09,08:08,12:00,13:00,17:10
1218,28,2024-02-09,08:13,12:00,13:00,17:17
1219,29,2024-02-09,08:06,12:00,13:00,18:53
1220,30,2024-02-09,08:08,12:00,13:00,17:05
1221,31,2024-02-09,08:06,12:00,13:00,18:36
1222,32,2024-02-09,08:05,12:00,13:00,17:28
1223,33,2024-02-09,08:01,12:00,13:00,18:59
1224,34,2024-02-09,08:10,12:00,13:00,18:05
1225,1,2024-02-10,08:00,12:00,13:00,18:10
1226,2,2024-02-10,08:03,12:00,13:00,18:31
1227,3,2024-02-10,08:09,12:00,13:00,18:59
1228,4,2024-02-10,08:07,12:00,13:00,17:24
1229,5,2024-02-10,08:01,12:00,13:00,18:52
1230,6,2024-02-10,08:10,12:00,13:00,18:34
1231,7,2024-02-10,08:03,12:00,13:00,17:39
1232,8,2024-02-10,08:02,12:00,13:00,17:08
1233,9,2024-02-10,08:01,12:00,13:00,17:00
1234,10,2024-02-10,08:10,12:00,13:00,17:30
1235,11,2024-02-10,08:04,12:00,13:00,17:41
1236,12,2024-02-10,08:07,12:00,13:00,18:24
1237,13,2024-02-10,08:04,12:00,13:00,18:05
1238,14,2024-02-10,08:02,12:00,13:00,18:09
1239,15,2024-02-10,08:14,12:00,13:00,18:30
1240,16,2024-02-10,08:13,12:00,13:00,17:06
1241,17,2024-02-10,08:06,12:00,13:00,17:50
1242,18,2024-02-10,08:13,12:00,13:00,17:10
1243,19,2024-02-10,08:12,12:00,13:00,18:58
1244,20,2024-02-10,08:02,12:00,13:00,17:08
1245,21,2024-02-10,08:10,12:00,13:00,18:59
1246,22,2024-02-10,08:06,12:00,13:00,17:16
1247,23,2024-02-10,08:01,12:00,13:00,18:51
1248,24,2024-02-10,08:04,12:00,13:00,18:26
1249,25,2024-02-10,08:06,12:00,13:00,17:57
1250,26,2024-02-10,08:13,12:00,13:00,18:02
1251,27,2024-02-10,08:01,12:00,13:00,17:05
1252,28,2024-02-10,08:12,12:00,13:00,17:03
1253,29,2024-02-10,08:06,12:00,13:00,17:31
1254,30,2024-02-10,08:07,12:00,13:00,17:08
1255,31,2024-02-10,08:05,12:00,13:00,18:39
1256,32,2024-02-10,08:06,12:00,13:00,17:54
1257,33,2024-02-10,08:14,12:00,13:00,17:45
1258,34,2024-02-10,08:05,12:00,13:00,17:06
1259,1,2024-02-11,08:10,12:00,13:00,18:42
1260,2,2024-02-11,08:03,12:00,13:00,18:17
1261,3,2024-02-11,08:06,12:00,13:00,17:59
1262,4,2024-02-11,08:06,12:00,13:00,17:47
1263,5,2024-02-11,08:04,12:00,13:00,17:43
1264,6,2024-02-11,08:04,12:00,13:00,18:26
1265,7,2024-02-11,08:07,12:00,13:00,17:14
1266,8,2024-02-11,08:05,12:00,13:00,18:07
1267,9,2024-02-11,08:14,12:00,13:00,18:05
1268,10,2024-02-11,08:00,12:00,13:00,17:50
1269,11,2024-02-11,08:07,12:00,13:00,17:37
1270,12,2024-02-11,08:07,12:00,13:00,17:16
1271,13,2024-02-11,08:13,12:00,13:00,17:13
1272,14,2024-02-11,08:12,12:00,13:00,17:44
1273,15,2024-02-11,08:04,12:00,13:00,18:15
1274,16,2024-02-11,08:10,12:00,13:00,18:32
1275,17,2024-02-11,08:09,12:00,13:00,18:56
1276,18,2024-02-11,08:13,12:00,13:00,18:12
1277,19,2024-02-11,08:05,12:00,13:00,17:30
1278,20,2024-02-11,08:11,12:00,13:00,17:49
1279,21,2024-02-11,08:04,12:00,13:00,17:29
1280,22,2024-02-11,08:08,12:00,13:00,18:37
1281,23,2024-02-11,08:14,12:00,13:00,17:02
1282,24,2024-02-11,08:13,12:00,13:00,18:50
1283,25,2024-02-11,08:04,12:00,13:00,17:28
1284,26,2024-02-11,08:12,12:00,13:00,18:05
1285,27,2024-02-11,08:01,12:00,13:00,17:08
1286,28,2024-02-11,08:03,12:00,13:00,18:48
1287,29,2024-02-11,08:08,12:00,13:00,18:42
1288,30,2024-02-11,08:10,12:00,13:00,17:39
1289,31,2024-02-11,08:02,12:00,13:00,18:03
1290,32,2024-02-11,08:12,12:00,13:00,17:06
1291,33,2024-02-11,08:02,12:00,13:00,18:06
1292,34,2024-02-11,08:08,12:00,13:00,17:25
1293,1,2024-02-12,08:06,12:00,13:00,18:52
1294,2,2024-02-12,08:00,12:00,13:00,17:32
1295,3,2024-02-12,08:01,12:00,13:00,17:45
1296,4,2024-02-12,08:14,12:00,13:00,18:33
1297,5,2024-02-12,08:13,12:00,13:00,18:56
1298,6,2024-02-12,08:06,12:00,13:00,17:00
1299,7,2024-02-12,08:08,12:00,13:00,17:41
1300,8,2024-02-12,08:06,12:00,13:00,17:10
1301,9,2024-02-12,08:14,12:00,13:00,17:01
1302,10,2024-02-12,08:12,12:00,13:00,17:09
1303,11,2024-02-12,08:07,12:00,13:00,18:44
1304,12,2024-02-12,08:01,12:00,13:00,18:33
1305,13,2024-02-12,08:11,12:00,13:00,17:14
1306,14,2024-02-12,08:09,12:00,13:00,17:34
1307,15,2024-02-12,08:10,12:00,13:00,18:44
1308,16,2024-02-12,08:13,12:00,13:00,18:01
1309,17,2024-02-12,08:05,12:00,13:00,17:14
1310,18,2024-02-12,08:08,12:00,13:00,18:34
1311,19,2024-02-12,08:14,12:00,13:00,18:50
1312,20,2024-02-12,08:09,12:00,13:00,17:06
1313,21,2024-02-12,08:00,12:00,13:00,18:49
1314,22,2024-02-12,08:04,12:00,13:00,17:13
1315,23,2024-02-12,08:13,12:00,13:00,17:21
1316,24,2024-02-12,08:03,12:00,13:00,17:39
1317,25,2024-02-12,08:01,12:00,13:00,17:00
1318,26,2024-02-12,08:13,12:00,13:00,17:23
1319,27,2024-02-12,08:13,12:00,13:00,18:01
1320,28,2024-02-12,08:06,12:00,13:00,17:43
1321,29,2024-02-12,08:03,12:00,13:00,17:16
1322,30,2024-02-12,08:14,12:00,13:00,18:50
1323,31,2024-02-12,08:10,12:00,13:00,18:06
1324,32,2024-02-12,08:14,12:00,13:00,18:41
1325,33,2024-02-12,08:06,12:00,13:00,18:42
1326,34,2024-02-12,08:10,12:00,13:00,18:17
1327,1,2024-02-13,08:05,12:00,13:00,17:01
1328,2,2024-02-13,08:00,12:00,13:00,18:18
1329,3,2024-02-13,08:11,12:00,13:00,17:30
1330,4,2024-02-13,08:03,12:00,13:00,18:03
1331,5,2024-02-13,08:13,12:00,13:00,17:55
1332,6,2024-02-13,08:06,12:00,13:00,18:38
1333,7,2024-02-13,08:13,12:00,13:00,17:07
1334,8,2024-02-13,08:01,12:00,13:00,17:28
1335,9,2024-02-13,08:03,12:00,13:00,17:06
1336,10,2024-02-13,08:13,12:00,13:00,17:06
1337,11,2024-02-13,08:14,12:00,13:00,18:15
1338,12,2024-02-13,08:06,12:00,13:00,18:21
1339,13,2024-02-13,08:14,12:00,13:00,17:51
1340,14,2024-02-13,08:07,12:00,13:00,18:51
1341,15,2024-02-13,08:02,12:00,13:00,18:40
1342,16,2024-02-13,08:02,12:00,13:00,18:27
1343,17,2024-02-13,08:01,12:00,13:00,18:54
1344,18,2024-02-13,08:12,12:00,13:00,18:15
1345,19,2024-02-13,08:08,12:00,13:00,17:02
1346,20,2024-02-13,08:04,12:00,13:00,18:52
1347,21,2024-02-13,08:12,12:00,13:00,18:38
1348,22,2024-02-13,08:14,12:00,13:00,17:24
1349,23,2024-02-13,08:04,12:00,13:00,17:39
1350,24,2024-02-13,08:07,12:00,13:00,18:53
1351,25,2024-02-13,08:01,12:00,13:00,18:01
1352,26,2024-02-13,08:01,12:00,13:00,18:34
1353,27,2024-02-13,08:05,12:00,13:00,18:55
1354,28,2024-02-13,08:12,12:00,13:00,17:37
1355,29,2024-02-13,08:06,12:00,13:00,18:37
1356,30,2024-02-13,08:02,12:00,13:00,17:21
1357,31,2024-02-13,08:10,12:00,13:00,18:24
1358,32,2024-02-13,08:11,12:00,13:00,17:56
1359,33,2024-02-13,08:06,12:00,13:00,18:39
1360,34,2024-02-13,08:13,12:00,13:00,17:04
1361,1,2024-02-14,08:12,12:00,13:00,18:01
1362,2,2024-02-14,08:07,12:00,13:00,18:04
1363,3,2024-02-14,08:01,12:00,13:00,17:36
1364,4,2024-02-14,08:02,12:00,13:00,17:34
1365,5,2024-02-14,08:08,12:00,13:00,18:31
1366,6,2024-02-14,08:14,12:00,13:00,18:40
1367,7,2024-02-14,08:01,12:00,13:00,17:01
1368,8,2024-02-14,08:12,12:00,13:00,18:06
1369,9,2024-02-14,08:06,12:00,13:00,18:26
1370,10,2024-02-14,08:01,12:00,13:00,17:52
1371,11,2024-02-14,08:10,12:00,13:00,18:26
1372,12,2024-02-14,08:10,12:00,13:00,18:35
1373,13,2024-02-14,08:03,12:00,13:00,18:22
1374,14,2024-02-14,08:13,12:00,13:00,17:18
1375,15,2024-02-14,08:07,12:00,13:00,17:09
1376,16,2024-02-14,08:09,12:00,13:00,18:02
1377,17,2024-02-14,08:06,12:00,13:00,17:42
1378,18,2024-02-14,08:00,12:00,13:00,18:25
1379,19,2024-02-14,08:07,12:00,13:00,17:12
1380,20,2024-02-14,08:13,12:00,13:00,18:49
1381,21,2024-02-14,08:09,12:00,13:00,18:19
1382,22,2024-02-14,08:06,12:00,13:00,18:32
1383,23,2024-02-14,08:13,12:00,13:00,17:05
1384,24,2024-02-14,08:04,12:00,13:00,17:12
1385,25,2024-02-14,08:01,12:00,13:00,18:59
1386,26,2024-02-14,08:14,12:00,13:00,18:53
1387,27,2024-02-14,08:11,12:00,13:00,17:47
1388,28,2024-02-14,08:12,12:00,13:00,18:00
1389,29,2024-02-14,08:05,12:00,13:00,18:59
1390,30,2024-02-14,08:08,12:00,13:00,17:32
1391,31,2024-02-14,08:00,12:00,13:00,17:50
1392,32,2024-02-14,08:09,12:00,13:00,18:02
1393,33,2024-02-14,08:07,12:00,13:00,18:34
1394,34,2024-02-14,08:00,12:00,13:00,18:57
1395,1,2024-02-15,08:12,12:00,13:00,17:59
1396,2,2024-02-15,08:01,12:00,13:00,18:53
1397,3,2024-02-15,08:07,12:00,13:00,18:09
1398,4,2024-02-15,08:13,12:00,13:00,17:26
1399,5,2024-02-15,08:00,12:00,13:00,18:31
1400,6,2024-02-15,08:08,12:00,13:00,17:29
1401,7,2024-02-15,08:01,12:00,13:00,18:08
1402,8,2024-02-15,08:09,12:00,13:00,17:20
1403,9,2024-02-15,08:00,12:00,13:00,18:33
1404,10,2024-02-15,08:04,12:00,13:00,17:26
1405,11,2024-02-15,08:11,12:00,13:00,17:22
1406,12,2024-02-15,08:10,12:00,13:00,18:39
1407,13,2024-02-15,08:02,12:00,13:00,18:37
1408,14,2024-02-15,08:10,12:00,13:00,18:38
1409,15,2024-02-15,08:12,12:00,13:00,17:20
1410,16,2024-02-15,08:02,12:00,13:00,17:50
1411,17,2024-02-15,08:07,12:00,13:00,17:40
1412,18,2024-02-15,08:01,12:00,13:00,17:40
1413,19,2024-02-15,08:05,12:00,13:00,17:21
1414,20,2024-02-15,08:09,12:00,13:00,18:07
1415,21,2024-02-15,08:10,12:00,13:00,17:50
1416,22,2024-02-15,08:10,12:00,13:00,17:46
1417,23,2024-02-15,08:11,12:00,13:00,18:45
1418,24,2024-02-15,08:14,12:00,13:00,17:17
1419,25,2024-02-15,08:12,12:00,13:00,17:45
1420,26,2024-02-15,08:08,12:00,13:00,18:37
1421,27,2024-02-15,08:08,12:00,13:00,18:39
1422,28,2024-02-15,08:02,12:00,13:00,17:41
1423,29,2024-02-15,08:03,12:00,13:00,17:52
1424,30,2024-02-15,08:10,12:00,13:00,18:16
1425,31,2024-02-15,08:04,12:00,13:00,18:27
1426,32,2024-02-15,08:03,12:00,13:00,17:13
1427,33,2024-02-15,08:02,12:00,13:00,18:31
1428,34,2024-02-15,08:10,12:00,13:00,18:38
1429,1,2024-02-16,08:08,12:00,13:00,17:02
1430,2,2024-02-16,08:12,12:00,13:00,17:57
1431,3,2024-02-16,08:07,12:00,13:00,17:06
1432,4,2024-02-16,08:05,12:00,13:00,18:52
1433,5,2024-02-16,08:12,12:00,13:00,18:23
1434,6,2024-02-16,08:05,12:00,13:00,18:56
1435,7,2024-02-16,08:14,12:00,13:00,17:01
1436,8,2024-02-16,08:01,12:00,13:00,18:44
1437,9,2024-02-16,08:08,12:00,13:00,17:57
1438,10,2024-02-16,08:00,12:00,13:00,17:37
1439,11,2024-02-16,08:13,12:00,13:00,17:48
1440,12,2024-02-16,08:12,12:00,13:00,18:59
1441,13,2024-02-16,08:12,12:00,13:00,18:07
1442,14,2024-02-16,08:10,12:00,13:00,18:27
1443,15,2024-02-16,08:10,12:00,13:00,18:11
1444,16,2024-02-16,08:04,12:00,13:00,18:59
1445,17,2024-02-16,08:10,12:00,13:00,17:32
1446,18,2024-02-16,08:12,12:00,13:00,18:10
1447,19,2024-02-16,08:13,12:00,13:00,17:34
1448,20,2024-02-16,08:10,12:00,13:00,17:40
1449,21,2024-02-16,08:03,12:00,13:00,17:59
1450,22,2024-02-16,08:03,12:00,13:00,17:50
1451,23,2024-02-16,08:01,12:00,13:00,17:04
1452,24,2024-02-16,08:11,12:00,13:00,18:32
1453,25,2024-02-16,08:02,12:00,13:00,18:29
1454,26,2024-02-16,08:00,12:00,13:00,17:34
1455,27,2024-02-16,08:01,12:00,13:00,17:07
1456,28,2024-02-16,08:13,12:00,13:00,17:00
1457,29,2024-02-16,08:01,12:00,13:00,17:50
1458,30,2024-02-16,08:04,12:00,13:00,18:12
1459,31,2024-02-16,08:05,12:00,13:00,17:27
1460,32,2024-02-16,08:11,12:00,13:00,17:38
1461,33,2024-02-16,08:00,12:00,13:00,18:28
1462,34,2024-02-16,08:13,12:00,13:00,18:14
1463,1,2024-02-17,08:02,12:00,13:00,17:17
1464,2,2024-02-17,08:03,12:00,13:00,17:53
1465,3,2024-02-17,08:11,12:00,13:00,18:05
1466,4,2024-02-17,08:03,12:00,13:00,18:02
1467,5,2024-02-17,08:03,12:00,13:00,17:14
1468,6,2024-02-17,08:01,12:00,13:00,18:47
1469,7,2024-02-17,08:02,12:00,13:00,17:32
1470,8,2024-02-17,08:01,12:00,13:00,17:23
1471,9,2024-02-17,08:09,12:00,13:00,18:49
1472,10,2024-02-17,08:08,12:00,13:00,17:53
1473,11,2024-02-17,08:13,12:00,13:00,18:52
1474,12,2024-02-17,08:04,12:00,13:00,17:40
1475,13,2024-02-17,08:08,12:00,13:00,17:27
1476,14,2024-02-17,08:02,12:00,13:00,17:33
1477,15,2024-02-17,08:14,12:00,13:00,18:04
1478,16,2024-02-17,08:04,12:00,13:00,18:54
1479,17,2024-02-17,08:11,12:00,13:00,17:46
1480,18,2024-02-17,08:05,12:00,13:00,18:15
1481,19,2024-02-17,08:02,12:00,13:00,17:34
1482,20,2024-02-17,08:10,12:00,13:00,18:00
1483,21,2024-02-17,08:00,12:00,13:00,17:27
1484,22,2024-02-17,08:01,12:00,13:00,17:48
1485,23,2024-02-17,08:07,12:00,13:00,18:03
1486,24,2024-02-17,08:03,12:00,13:00,17:32
1487,25,2024-02-17,08:07,12:00,13:00,17:48
1488,26,2024-02-17,08:12,12:00,13:00,17:03
1489,27,2024-02-17,08:06,12:00,13:00,18:50
1490,28,2024-02-17,08:01,12:00,13:00,17:17
1491,29,2024-02-17,08:08,12:00,13:00,18:10
1492,30,2024-02-17,08:05,12:00,13:00,18:27
1493,31,2024-02-17,08:09,12:00,13:00,18:05
1494,32,2024-02-17,08:01,12:00,13:00,17:37
1495,33,2024-02-17,08:01,12:00,13:00,17:08
1496,34,2024-02-17,08:10,12:00,13:00,17:02
1497,1,2024-02-18,08:07,12:00,13:00,18:14
1498,2,2024-02-18,08:11,12:00,13:00,18:21
1499,3,2024-02-18,08:01,12:00,13:00,18:38
1500,4,2024-02-18,08:11,12:00,13:00,18:25
1501,5,2024-02-18,08:00,12:00,13:00,18:23
1502,6,2024-02-18,08:06,12:00,13:00,17:05
1503,7,2024-02-18,08:05,12:00,13:00,17:40
1504,8,2024-02-18,08:11,12:00,13:00,17:26
1505,9,2024-02-18,08:04,12:00,13:00,17:40
1506,10,2024-02-18,08:11,12:00,13:00,17:24
1507,11,2024-02-18,08:12,12:00,13:00,17:25
1508,12,2024-02-18,08:07,12:00,13:00,17:33
1509,13,2024-02-18,08:12,12:00,13:00,17:27
1510,14,2024-02-18,08:11,12:00,13:00,18:36
1511,15,2024-02-18,08:01,12:00,13:00,17:26
1512,16,2024-02-18,08:03,12:00,13:00,18:01
1513,17,2024-02-18,08:04,12:00,13:00,18:45
1514,18,2024-02-18,08:02,12:00,13:00,18:59
1515,19,2024-02-18,08:10,12:00,13:00,18:02
1516,20,2024-02-18,08:07,12:00,13:00,18:34
1517,21,2024-02-18,08:05,12:00,13:00,17:46
1518,22,2024-02-18,08:04,12:00,13:00,18:50
1519,23,2024-02-18,08:08,12:00,13:00,17:18
1520,24,2024-02-18,08:14,12:00,13:00,18:08
1521,25,2024-02-18,08:14,12:00,13:00,17:31
1522,26,2024-02-18,08:05,12:00,13:00,18:02
1523,27,2024-02-18,08:12,12:00,13:00,17:21
1524,28,2024-02-18,08:13,12:00,13:00,18:12
1525,29,2024-02-18,08:09,12:00,13:00,18:01
1526,30,2024-02-18,08:13,12:00,13:00,17:48
1527,31,2024-02-18,08:12,12:00,13:00,17:02
1528,32,2024-02-18,08:04,12:00,13:00,18:54
1529,33,2024-02-18,08:08,12:00,13:00,18:00
1530,34,2024-02-18,08:13,12:00,13:00,17:31
1531,1,2024-02-19,08:08,12:00,13:00,18:19
1532,2,2024-02-19,08:13,12:00,13:00,17:23
1533,3,2024-02-19,08:01,12:00,13:00,17:03
1534,4,2024-02-19,08:11,12:00,13:00,18:18
1535,5,2024-02-19,08:04,12:00,13:00,17:30
1536,6,2024-02-19,08:00,12:00,13:00,18:46
1537,7,2024-02-19,08:09,12:00,13:00,17:28
1538,8,2024-02-19,08:01,12:00,13:00,17:00
1539,9,2024-02-19,08:05,12:00,13:00,17:51
1540,10,2024-02-19,08:02,12:00,13:00,18:25
1541,11,2024-02-19,08:11,12:00,13:00,17:08
1542,12,2024-02-19,08:00,12:00,13:00,17:22
1543,13,2024-02-19,08:06,12:00,13:00,18:54
1544,14,2024-02-19,08:13,12:00,13:00,17:10
1545,15,2024-02-19,08:01,12:00,13:00,17:18
1546,16,2024-02-19,08:00,12:00,13:00,17:53
1547,17,2024-02-19,08:11,12:00,13:00,17:30
1548,18,2024-02-19,08:05,12:00,13:00,17:03
1549,19,2024-02-19,08:02,12:00,13:00,18:59
1550,20,2024-02-19,08:14,12:00,13:00,17:05
1551,21,2024-02-19,08:10,12:00,13:00,18:47
1552,22,2024-02-19,08:14,12:00,13:00,17:36
1553,23,2024-02-19,08:12,12:00,13:00,17:42
1554,24,2024-02-19,08:11,12:00,13:00,17:43
1555,25,2024-02-19,08:02,12:00,13:00,17:22
1556,26,2024-02-19,08:01,12:00,13:00,18:44
1557,27,2024-02-19,08:12,12:00,13:00,17:15
1558,28,2024-02-19,08:03,12:00,13:00,18:05
1559,29,2024-02-19,08:00,12:00,13:00,17:16
1560,30,2024-02-19,08:09,12:00,13:00,18:54
1561,31,2024-02-19,08:12,12:00,13:00,17:54
1562,32,2024-02-19,08:13,12:00,13:00,18:17
1563,33,2024-02-19,08:12,12:00,13:00,17:45
1564,34,2024-02-19,08:03,12:00,13:00,17:20
1565,1,2024-02-20,08:10,12:00,13:00,18:00
1566,2,2024-02-20,08:09,12:00,13:00,18:07
1567,3,2024-02-20,08:04,12:00,13:00,18:40
1568,4,2024-02-20,08:00,12:00,13:00,18:46
1569,5,2024-02-20,08:05,12:00,13:00,18:54
1570,6,2024-02-20,08:05,12:00,13:00,17:22
1571,7,2024-02-20,08:12,12:00,13:00,18:31
1572,8,2024-02-20,08:00,12:00,13:00,18:14
1573,9,2024-02-20,08:10,12:00,13:00,18:04
1574,10,2024-02-20,08:12,12:00,13:00,18:57
1575,11,2024-02-20,08:13,12:00,13:00,17:35
1576,12,2024-02-20,08:02,12:00,13:00,17:35
1577,13,2024-02-20,08:05,12:00,13:00,17:54
1578,14,2024-02-20,08:11,12:00,13:00,18:30
1579,15,2024-02-20,08:14,12:00,13:00,17:20
1580,16,2024-02-20,08:08,12:00,13:00,17:32
1581,17,2024-02-20,08:08,12:00,13:00,18:20
1582,18,2024-02-20,08:12,12:00,13:00,17:51
1583,19,2024-02-20,08:01,12:00,13:00,18:34
1584,20,2024-02-20,08:03,12:00,13:00,18:33
1585,21,2024-02-20,08:12,12:00,13:00,18:01
1586,22,2024-02-20,08:09,12:00,13:00,17:08
1587,23,2024-02-20,08:00,12:00,13:00,17:13
1588,24,2024-02-20,08:07,12:00,13:00,17:29
1589,25,2024-02-20,08:03,12:00,13:00,17:37
1590,26,2024-02-20,08:10,12:00,13:00,18:38
1591,27,2024-02-20,08:01,12:00,13:00,17:35
1592,28,2024-02-20,08:14,12:00,13:00,18:04
1593,29,2024-02-20,08:06,12:00,13:00,17:00
1594,30,2024-02-20,08:06,12:00,13:00,17:31
1595,31,2024-02-20,08:13,12:00,13:00,17:28
1596,32,2024-02-20,08:14,12:00,13:00,17:42
1597,33,2024-02-20,08:10,12:00,13:00,18:18
1598,34,2024-02-20,08:12,12:00,13:00,18:08
1599,1,2024-02-21,08:05,12:00,13:00,17:13
1600,2,2024-02-21,08:06,12:00,13:00,17:19
1601,3,2024-02-21,08:09,12:00,13:00,17:10
1602,4,2024-02-21,08:13,12:00,13:00,18:29
1603,5,2024-02-21,08:06,12:00,13:00,18:11
1604,6,2024-02-21,08:12,12:00,13:00,17:42
1605,7,2024-02-21,08:04,12:00,13:00,17:35
1606,8,2024-02-21,08:12,12:00,13:00,18:15
1607,9,2024-02-21,08:05,12:00,13:00,17:18
1608,10,2024-02-21,08:14,12:00,13:00,17:05
1609,11,2024-02-21,08:14,12:00,13:00,18:09
1610,12,2024-02-21,08:04,12:00,13:00,18:05
1611,13,2024-02-21,08:07,12:00,13:00,17:10
1612,14,2024-02-21,08:11,12:00,13:00,17:45
1613,15,2024-02-21,08:12,12:00,13:00,18:17
1614,16,2024-02-21,08:01,12:00,13:00,18:23
1615,17,2024-02-21,08:02,12:00,13:00,17:22
1616,18,2024-02-21,08:02,12:00,13:00,18:11
1617,19,2024-02-21,08:10,12:00,13:00,17:34
1618,20,2024-02-21,08:14,12:00,13:00,18:05
1619,21,2024-02-21,08:13,12:00,13:00,17:58
1620,22,2024-02-21,08:04,12:00,13:00,17:34
1621,23,2024-02-21,08:02,12:00,13:00,17:22
1622,24,2024-02-21,08:08,12:00,13:00,18:29
1623,25,2024-02-21,08:06,12:00,13:00,18:51
1624,26,2024-02-21,08:14,12:00,13:00,18:53
1625,27,2024-02-21,08:14,12:00,13:00,17:44
1626,28,2024-02-21,08:14,12:00,13:00,17:08
1627,29,2024-02-21,08:04,12:00,13:00,18:55
1628,30,2024-02-21,08:03,12:00,13:00,17:21
1629,31,2024-02-21,08:01,12:00,13:00,17:37
1630,32,2024-02-21,08:13,12:00,13:00,18:48
1631,33,2024-02-21,08:04,12:00,13:00,17:32
1632,34,2024-02-21,08:05,12:00,13:00,17:48
1633,1,2024-02-22,08:07,12:00,13:00,18:37
1634,2,2024-02-22,08:09,12:00,13:00,18:52
1635,3,2024-02-22,08:12,12:00,13:00,17:51
1636,4,2024-02-22,08:03,12:00,13:00,18:46
1637,5,2024-02-22,08:02,12:00,13:00,17:43
1638,6,2024-02-22,08:07,12:00,13:00,18:57
1639,7,2024-02-22,08:02,12:00,13:00,17:31
1640,8,2024-02-22,08:12,12:00,13:00,18:08
1641,9,2024-02-22,08:00,12:00,13:00,17:21
1642,10,2024-02-22,08:12,12:00,13:00,18:57
1643,11,2024-02-22,08:13,12:00,13:00,18:02
1644,12,2024-02-22,08:08,12:00,13:00,17:58
1645,13,2024-02-22,08:13,12:00,13:00,18:13
1646,14,2024-02-22,08:09,12:00,13:00,17:19
1647,15,2024-02-22,08:13,12:00,13:00,17:20
1648,16,2024-02-22,08:03,12:00,13:00,17:36
1649,17,2024-02-22,08:05,12:00,13:00,17:51
1650,18,2024-02-22,08:08,12:00,13:00,17:32
1651,19,2024-02-22,08:07,12:00,13:00,17:38
1652,20,2024-02-22,08:08,12:00,13:00,18:55
1653,21,2024-02-22,08:12,12:00,13:00,17:27
1654,22,2024-02-22,08:03,12:00,13:00,18:20
1655,23,2024-02-22,08:09,12:00,13:00,17:15
1656,24,2024-02-22,08:09,12:00,13:00,18:48
1657,25,2024-02-22,08:12,12:00,13:00,17:52
1658,26,2024-02-22,08:09,12:00,13:00,17:52
1659,27,2024-02-22,08:03,12:00,13:00,17:42
1660,28,2024-02-22,08:08,12:00,13:00,18:02
1661,29,2024-02-22,08:08,12:00,13:00,18:28
1662,30,2024-02-22,08:01,12:00,13:00,17:48
1663,31,2024-02-22,08:01,12:00,13:00,18:09
1664,32,2024-02-22,08:07,12:00,13:00,18:17
1665,33,2024-02-22,08:13,12:00,13:00,18:50
1666,34,2024-02-22,08:04,12:00,13:00,18:41
1667,1,2024-02-23,08:08,12:00,13:00,17:24
1668,2,2024-02-23,08:06,12:00,13:00,17:08
1669,3,2024-02-23,08:04,12:00,13:00,17:29
1670,4,2024-02-23,08:14,12:00,13:00,18:16
1671,5,2024-02-23,08:13,12:00,13:00,18:19
1672,6,2024-02-23,08:10,12:00,13:00,17:04
1673,7,2024-02-23,08:11,12:00,13:00,17:06
1674,8,2024-02-23,08:04,12:00,13:00,18:02
1675,9,2024-02-23,08:06,12:00,13:00,18:11
1676,10,2024-02-23,08:11,12:00,13:00,18:39
1677,11,2024-02-23,08:01,12:00,13:00,17:58
1678,12,2024-02-23,08:11,12:00,13:00,18:53
1679,13,2024-02-23,08:05,12:00,13:00,17:20
1680,14,2024-02-23,08:13,12:00,13:00,17:25
1681,15,2024-02-23,08:05,12:00,13:00,17:48
1682,16,2024-02-23,08:00,12:00,13:00,17:40
1683,17,2024-02-23,08:05,12:00,13:00,18:29
1684,18,2024-02-23,08:09,12:00,13:00,17:39
1685,19,2024-02-23,08:14,12:00,13:00,18:10
1686,20,2024-02-23,08:08,12:00,13:00,18:57
1687,21,2024-02-23,08:02,12:00,13:00,17:03
1688,22,2024-02-23,08:00,12:00,13:00,17:07
1689,23,2024-02-23,08:10,12:00,13:00,17:38
1690,24,2024-02-23,08:05,12:00,13:00,17:39
1691,25,2024-02-23,08:02,12:00,13:00,17:11
1692,26,2024-02-23,08:11,12:00,13:00,18:18
1693,27,2024-02-23,08:04,12:00,13:00,18:29
1694,28,2024-02-23,08:07,12:00,13:00,18:35
1695,29,2024-02-23,08:00,12:00,13:00,18:42
1696,30,2024-02-23,08:05,12:00,13:00,18:13
1697,31,2024-02-23,08:00,12:00,13:00,17:03
1698,32,2024-02-23,08:05,12:00,13:00,17:01
1699,33,2024-02-23,08:08,12:00,13:00,17:57
1700,34,2024-02-23,08:05,12:00,13:00,18:07
1701,1,2024-02-24,08:00,12:00,13:00,17:09
1702,2,2024-02-24,08:10,12:00,13:00,18:52
1703,3,2024-02-24,08:12,12:00,13:00,17:53
1704,4,2024-02-24,08:03,12:00,13:00,17:41
1705,5,2024-02-24,08:12,12:00,13:00,18:44
1706,6,2024-02-24,08:08,12:00,13:00,18:17
1707,7,2024-02-24,08:00,12:00,13:00,17:14
1708,8,2024-02-24,08:14,12:00,13:00,18:34
1709,9,2024-02-24,08:08,12:00,13:00,18:38
1710,10,2024-02-24,08:05,12:00,13:00,17:57
1711,11,2024-02-24,08:09,12:00,13:00,17:48
1712,12,2024-02-24,08:04,12:00,13:00,18:17
1713,13,2024-02-24,08:04,12:00,13:00,17:19
1714,14,2024-02-24,08:13,12:00,13:00,18:20
1715,15,2024-02-24,08:02,12:00,13:00,18:05
1716,16,2024-02-24,08:00,12:00,13:00,17:08
1717,17,2024-02-24,08:06,12:00,13:00,17:03
1718,18,2024-02-24,08:08,12:00,13:00,17:35
1719,19,2024-02-24,08:09,12:00,13:00,18:26
1720,20,2024-02-24,08:02,12:00,13:00,17:39
1721,21,2024-02-24,08:10,12:00,13:00,18:09
1722,22,2024-02-24,08:05,12:00,13:00,17:02
1723,23,2024-02-24,08:08,12:00,13:00,18:46
1724,24,2024-02-24,08:01,12:00,13:00,18:00
1725,25,2024-02-24,08:07,12:00,13:00,18:01
1726,26,2024-02-24,08:06,12:00,13:00,18:52
1727,27,2024-02-24,08:09,12:00,13:00,18:39
1728,28,2024-02-24,08:10,12:00,13:00,17:20
1729,29,2024-02-24,08:10,12:00,13:00,18:44
1730,30,2024-02-24,08:11,12:00,13:00,17:15
1731,31,2024-02-24,08:08,12:00,13:00,18:15
1732,32,2024-02-24,08:06,12:00,13:00,18:16
1733,33,2024-02-24,08:14,12:00,13:00,18:18
1734,34,2024-02-24,08:07,12:00,13:00,18:35
1735,1,2024-02-25,08:06,12:00,13:00,17:48
1736,2,2024-02-25,08:14,12:00,13:00,17:48
1737,3,2024-02-25,08:09,12:00,13:00,18:41
1738,4,2024-02-25,08:08,12:00,13:00,17:34
1739,5,2024-02-25,08:06,12:00,13:00,17:50
1740,6,2024-02-25,08:10,12:00,13:00,18:49
1741,7,2024-02-25,08:08,12:00,13:00,17:50
1742,8,2024-02-25,08:00,12:00,13:00,18:13
1743,9,2024-02-25,08:05,12:00,13:00,18:46
1744,10,2024-02-25,08:08,12:00,13:00,17:17
1745,11,2024-02-25,08:03,12:00,13:00,18:33
1746,12,2024-02-25,08:11,12:00,13:00,17:37
1747,13,2024-02-25,08:10,12:00,13:00,17:46
1748,14,2024-02-25,08:05,12:00,13:00,18:39
1749,15,2024-02-25,08:09,12:00,13:00,18:38
1750,16,2024-02-25,08:09,12:00,13:00,18:03
1751,17,2024-02-25,08:03,12:00,13:00,18:13
1752,18,2024-02-25,08:12,12:00,13:00,18:51
1753,19,2024-02-25,08:03,12:00,13:00,18:51
1754,20,2024-02-25,08:06,12:00,13:00,18:57
1755,21,2024-02-25,08:11,12:00,13:00,18:10
1756,22,2024-02-25,08:04,12:00,13:00,17:35
1757,23,2024-02-25,08:13,12:00,13:00,18:45
1758,24,2024-02-25,08:10,12:00,13:00,18:09
1759,25,2024-02-25,08:04,12:00,13:00,17:30
1760,26,2024-02-25,08:12,12:00,13:00,18:46
1761,27,2024-02-25,08:08,12:00,13:00,18:46
1762,28,2024-02-25,08:03,12:00,13:00,18:48
1763,29,2024-02-25,08:09,12:00,13:00,18:51
1764,30,2024-02-25,08:07,12:00,13:00,17:14
1765,31,2024-02-25,08:06,12:00,13:00,18:25
1766,32,2024-02-25,08:02,12:00,13:00,17:37
1767,33,2024-02-25,08:07,12:00,13:00,18:30
1768,34,2024-02-25,08:14,12:00,13:00,18:00
1769,1,2024-02-26,08:08,12:00,13:00,18:48
1770,2,2024-02-26,08:13,12:00,13:00,17:39
1771,3,2024-02-26,08:09,12:00,13:00,18:35
1772,4,2024-02-26,08:00,12:00,13:00,18:55
1773,5,2024-02-26,08:10,12:00,13:00,18:02
1774,6,2024-02-26,08:13,12:00,13:00,17:30
1775,7,2024-02-26,08:14,12:00,13:00,18:53
1776,8,2024-02-26,08:11,12:00,13:00,17:30
1777,9,2024-02-26,08:14,12:00,13:00,18:43
1778,10,2024-02-26,08:13,12:00,13:00,17:54
1779,11,2024-02-26,08:05,12:00,13:00,17:47
1780,12,2024-02-26,08:08,12:00,13:00,17:38
1781,13,2024-02-26,08:07,12:00,13:00,17:40
1782,14,2024-02-26,08:08,12:00,13:00,18:14
1783,15,2024-02-26,08:12,12:00,13:00,18:32
1784,16,2024-02-26,08:02,12:00,13:00,18:39
1785,17,2024-02-26,08:10,12:00,13:00,17:19
1786,18,2024-02-26,08:05,12:00,13:00,17:17
1787,19,2024-02-26,08:06,12:00,13:00,17:27
1788,20,2024-02-26,08:05,12:00,13:00,17:15
1789,21,2024-02-26,08:07,12:00,13:00,17:21
1790,22,2024-02-26,08:14,12:00,13:00,17:21
1791,23,2024-02-26,08:13,12:00,13:00,18:01
1792,24,2024-02-26,08:07,12:00,13:00,18:34
1793,25,2024-02-26,08:03,12:00,13:00,17:11
1794,26,2024-02-26,08:13,12:00,13:00,18:33
1795,27,2024-02-26,08:11,12:00,13:00,18:10
1796,28,2024-02-26,08:12,12:00,13:00,18:04
1797,29,2024-02-26,08:10,12:00,13:00,17:18
1798,30,2024-02-26,08:07,12:00,13:00,17:13
1799,31,2024-02-26,08:00,12:00,13:00,18:51
1800,32,2024-02-26,08:10,12:00,13:00,17:49
1801,33,2024-02-26,08:05,12:00,13:00,17:08
1802,34,2024-02-26,08:01,12:00,13:00,17:19
1803,1,2024-02-27,08:13,12:00,13:00,17:15
1804,2,2024-02-27,08:08,12:00,13:00,17:24
1805,3,2024-02-27,08:08,12:00,13:00,17:56
1806,4,2024-02-27,08:11,12:00,13:00,17:32
1807,5,2024-02-27,08:01,12:00,13:00,18:55
1808,6,2024-02-27,08:08,12:00,13:00,18:58
1809,7,2024-02-27,08:10,12:00,13:00,18:21
1810,8,2024-02-27,08:01,12:00,13:00,18:46
1811,9,2024-02-27,08:14,12:00,13:00,18:06
1812,10,2024-02-27,08:13,12:00,13:00,17:56
1813,11,2024-02-27,08:09,12:00,13:00,17:30
1814,12,2024-02-27,08:08,12:00,13:00,18:49
1815,13,2024-02-27,08:02,12:00,13:00,17:29
1816,14,2024-02-27,08:04,12:00,13:00,18:18
1817,15,2024-02-27,08:03,12:00,13:00,18:45
1818,16,2024-02-27,08:12,12:00,13:00,18:52
1819,17,2024-02-27,08:04,12:00,13:00,17:10
1820,18,2024-02-27,08:02,12:00,13:00,17:13
1821,19,2024-02-27,08:06,12:00,13:00,18:05
1822,20,2024-02-27,08:05,12:00,13:00,18:38
1823,21,2024-02-27,08:01,12:00,13:00,18:07
1824,22,2024-02-27,08:07,12:00,13:00,18:52
1825,23,2024-02-27,08:04,12:00,13:00,18:50
1826,24,2024-02-27,08:14,12:00,13:00,18:28
1827,25,2024-02-27,08:13,12:00,13:00,17:47
1828,26,2024-02-27,08:04,12:00,13:00,17:11
1829,27,2024-02-27,08:12,12:00,13:00,18:46
1830,28,2024-02-27,08:14,12:00,13:00,17:12
1831,29,2024-02-27,08:10,12:00,13:00,18:43
1832,30,2024-02-27,08:14,12:00,13:00,18:30
1833,31,2024-02-27,08:10,12:00,13:00,18:44
1834,32,2024-02-27,08:08,12:00,13:00,18:23
1835,33,2024-02-27,08:05,12:00,13:00,17:16
1836,34,2024-02-27,08:10,12:00,13:00,18:17
1837,1,2024-02-28,08:09,12:00,13:00,18:10
1838,2,2024-02-28,08:00,12:00,13:00,18:04
1839,3,2024-02-28,08:10,12:00,13:00,18:12
1840,4,2024-02-28,08:04,12:00,13:00,18:48
1841,5,2024-02-28,08:00,12:00,13:00,18:10
1842,6,2024-02-28,08:02,12:00,13:00,18:44
1843,7,2024-02-28,08:05,12:00,13:00,17:04
1844,8,2024-02-28,08:06,12:00,13:00,17:44
1845,9,2024-02-28,08:01,12:00,13:00,18:44
1846,10,2024-02-28,08:04,12:00,13:00,18:55
1847,11,2024-02-28,08:05,12:00,13:00,18:06
1848,12,2024-02-28,08:10,12:00,13:00,18:14
1849,13,2024-02-28,08:05,12:00,13:00,17:43
1850,14,2024-02-28,08:00,12:00,13:00,18:53
1851,15,2024-02-28,08:10,12:00,13:00,17:10
1852,16,2024-02-28,08:10,12:00,13:00,17:15
1853,17,2024-02-28,08:06,12:00,13:00,17:00
1854,18,2024-02-28,08:08,12:00,13:00,18:23
1855,19,2024-02-28,08:00,12:00,13:00,17:02
1856,20,2024-02-28,08:08,12:00,13:00,18:56
1857,21,2024-02-28,08:02,12:00,13:00,18:31
1858,22,2024-02-28,08:06,12:00,13:00,17:32
1859,23,2024-02-28,08:08,12:00,13:00,17:30
1860,24,2024-02-28,08:14,12:00,13:00,17:58
1861,25,2024-02-28,08:09,12:00,13:00,18:04
1862,26,2024-02-28,08:01,12:00,13:00,17:39
1863,27,2024-02-28,08:14,12:00,13:00,17:45
1864,28,2024-02-28,08:00,12:00,13:00,17:46
1865,29,2024-02-28,08:01,12:00,13:00,17:30
1866,30,2024-02-28,08:11,12:00,13:00,17:53
1867,31,2024-02-28,08:12,12:00,13:00,18:40
1868,32,2024-02-28,08:04,12:00,13:00,18:57
1869,33,2024-02-28,08:07,12:00,13:00,18:06
1870,34,2024-02-28,08:03,12:00,13:00,17:55
1871,1,2024-02-29,08:09,12:00,13:00,18:05
1872,2,2024-02-29,08:05,12:00,13:00,17:11
1873,3,2024-02-29,08:03,12:00,13:00,17:59
1874,4,2024-02-29,08:07,12:00,13:00,18:19
1875,5,2024-02-29,08:09,12:00,13:00,18:46
1876,6,2024-02-29,08:12,12:00,13:00,17:44
1877,7,2024-02-29,08:04,12:00,13:00,18:14
1878,8,2024-02-29,08:01,12:00,13:00,17:55
1879,9,2024-02-29,08:06,12:00,13:00,17:50
1880,10,2024-02-29,08:03,12:00,13:00,17:23
1881,11,2024-02-29,08:14,12:00,13:00,17:26
1882,12,2024-02-29,08:04,12:00,13:00,18:57
1883,13,2024-02-29,08:00,12:00,13:00,17:52
1884,14,2024-02-29,08:05,12:00,13:00,18:44
1885,15,2024-02-29,08:06,12:00,13:00,18:51
1886,16,2024-02-29,08:06,12:00,13:00,17:21
1887,17,2024-02-29,08:09,12:00,13:00,18:10
1888,18,2024-02-29,08:12,12:00,13:00,18:50
1889,19,2024-02-29,08:06,12:00,13:00,17:51
1890,20,2024-02-29,08:10,12:00,13:00,17:36
1891,21,2024-02-29,08:04,12:00,13:00,17:47
1892,22,2024-02-29,08:12,12:00,13:00,17:06
1893,23,2024-02-29,08:11,12:00,13:00,17:47
1894,24,2024-02-29,08:05,12:00,13:00,18:12
1895,25,2024-02-29,08:12,12:00,13:00,18:35
1896,26,2024-02-29,08:00,12:00,13:00,17:35
1897,27,2024-02-29,08:14,12:00,13:00,17:51
1898,28,2024-02-29,08:14,12:00,13:00,18:23
1899,29,2024-02-29,08:10,12:00,13:00,18:01
1900,30,2024-02-29,08:06,12:00,13:00,17:58
1901,31,2024-02-29,08:13,12:00,13:00,18:43
1902,32,2024-02-29,08:05,12:00,13:00,18:09
1903,33,2024-02-29,08:07,12:00,13:00,17:11
1904,34,2024-02-29,08:01,12:00,13:00,18:14
1905,1,2024-03-01,08:00,12:00,13:00,17:30
1906,2,2024-03-01,08:14,12:00,13:00,17:15
1907,3,2024-03-01,08:14,12:00,13:00,17:13
1908,4,2024-03-01,08:05,12:00,13:00,18:38
1909,5,2024-03-01,08:04,12:00,13:00,17:11
1910,6,2024-03-01,08:03,12:00,13:00,18:45
1911,7,2024-03-01,08:13,12:00,13:00,17:31
1912,8,2024-03-01,08:13,12:00,13:00,17:53
1913,9,2024-03-01,08:11,12:00,13:00,17:30
1914,10,2024-03-01,08:09,12:00,13:00,17:01
1915,11,2024-03-01,08:14,12:00,13:00,17:49
1916,12,2024-03-01,08:08,12:00,13:00,18:06
1917,13,2024-03-01,08:11,12:00,13:00,18:40
1918,14,2024-03-01,08:10,12:00,13:00,17:58
1919,15,2024-03-01,08:12,12:00,13:00,18:08
1920,16,2024-03-01,08:01,12:00,13:00,18:29
1921,17,2024-03-01,08:06,12:00,13:00,17:49
1922,18,2024-03-01,08:07,12:00,13:00,17:42
1923,19,2024-03-01,08:03,12:00,13:00,17:17
1924,20,2024-03-01,08:10,12:00,13:00,18:10
1925,21,2024-03-01,08:06,12:00,13:00,17:24
1926,22,2024-03-01,08:13,12:00,13:00,18:07
1927,23,2024-03-01,08:11,12:00,13:00,17:14
1928,24,2024-03-01,08:02,12:00,13:00,17:06
1929,25,2024-03-01,08:10,12:00,13:00,18:03
1930,26,2024-03-01,08:11,12:00,13:00,18:53
1931,27,2024-03-01,08:06,12:00,13:00,17:16
1932,28,2024-03-01,08:02,12:00,13:00,18:04
1933,29,2024-03-01,08:11,12:00,13:00,18:28
1934,30,2024-03-01,08:03,12:00,13:00,17:15
1935,31,2024-03-01,08:13,12:00,13:00,17:42
1936,32,2024-03-01,08:11,12:00,13:00,18:54
1937,33,2024-03-01,08:02,12:00,13:00,17:45
1938,34,2024-03-01,08:00,12:00,13:00,18:52
1939,1,2024-03-02,08:02,12:00,13:00,18:32
1940,2,2024-03-02,08:13,12:00,13:00,17:51
1941,3,2024-03-02,08:12,12:00,13:00,17:32
1942,4,2024-03-02,08:09,12:00,13:00,18:18
1943,5,2024-03-02,08:08,12:00,13:00,18:44
1944,6,2024-03-02,08:07,12:00,13:00,17:35
1945,7,2024-03-02,08:11,12:00,13:00,18:28
1946,8,2024-03-02,08:11,12:00,13:00,18:53
1947,9,2024-03-02,08:08,12:00,13:00,17:42
1948,10,2024-03-02,08:11,12:00,13:00,18:34
1949,11,2024-03-02,08:03,12:00,13:00,17:52
1950,12,2024-03-02,08:13,12:00,13:00,18:03
1951,13,2024-03-02,08:13,12:00,13:00,18:40
1952,14,2024-03-02,08:11,12:00,13:00,17:59
1953,15,2024-03-02,08:01,12:00,13:00,18:24
1954,16,2024-03-02,08:00,12:00,13:00,18:02
1955,17,2024-03-02,08:06,12:00,13:00,18:50
1956,18,2024-03-02,08:10,12:00,13:00,17:27
1957,19,2024-03-02,08:14,12:00,13:00,18:06
1958,20,2024-03-02,08:08,12:00,13:00,17:01
1959,21,2024-03-02,08:10,12:00,13:00,17:09
1960,22,2024-03-02,08:03,12:00,13:00,17:47
1961,23,2024-03-02,08:00,12:00,13:00,18:26
1962,24,2024-03-02,08:09,12:00,13:00,18:28
1963,25,2024-03-02,08:02,12:00,13:00,17:50
1964,26,2024-03-02,08:12,12:00,13:00,18:39
1965,27,2024-03-02,08:03,12:00,13:00,18:57
1966,28,2024-03-02,08:08,12:00,13:00,18:35
1967,29,2024-03-02,08:00,12:00,13:00,17:05
1968,30,2024-03-02,08:10,12:00,13:00,17:22
1969,31,2024-03-02,08:02,12:00,13:00,17:07
1970,32,2024-03-02,08:12,12:00,13:00,18:20
1971,33,2024-03-02,08:10,12:00,13:00,18:25
1972,34,2024-03-02,08:13,12:00,13:00,18:51
1973,1,2024-03-03,08:07,12:00,13:00,18:38
1974,2,2024-03-03,08:02,12:00,13:00,18:56
1975,3,2024-03-03,08:06,12:00,13:00,18:29
1976,4,2024-03-03,08:08,12:00,13:00,18:34
1977,5,2024-03-03,08:00,12:00,13:00,17:13
1978,6,2024-03-03,08:12,12:00,13:00,17:17
1979,7,2024-03-03,08:06,12:00,13:00,18:20
1980,8,2024-03-03,08:02,12:00,13:00,18:32
1981,9,2024-03-03,08:06,12:00,13:00,18:04
1982,10,2024-03-03,08:03,12:00,13:00,17:53
1983,11,2024-03-03,08:00,12:00,13:00,18:09
1984,12,2024-03-03,08:03,12:00,13:00,17:15
1985,13,2024-03-03,08:03,12:00,13:00,18:23
1986,14,2024-03-03,08:12,12:00,13:00,17:30
1987,15,2024-03-03,08:01,12:00,13:00,18:01
1988,16,2024-03-03,08:07,12:00,13:00,18:37
1989,17,2024-03-03,08:00,12:00,13:00,17:11
1990,18,2024-03-03,08:02,12:00,13:00,18:04
1991,19,2024-03-03,08:05,12:00,13:00,17:26
1992,20,2024-03-03,08:06,12:00,13:00,18:14
1993,21,2024-03-03,08:03,12:00,13:00,17:09
1994,22,2024-03-03,08:09,12:00,13:00,18:54
1995,23,2024-03-03,08:11,12:00,13:00,18:27
1996,24,2024-03-03,08:07,12:00,13:00,18:01
1997,25,2024-03-03,08:03,12:00,13:00,18:05
1998,26,2024-03-03,08:14,12:00,13:00,18:01
1999,27,2024-03-03,08:11,12:00,13:00,17:39
2000,28,2024-03-03,08:11,12:00,13:00,17:27
2001,29,2024-03-03,08:11,12:00,13:00,17:51
2002,30,2024-03-03,08:01,12:00,13:00,17:21
2003,31,2024-03-03,08:14,12:00,13:00,17:57
2004,32,2024-03-03,08:05,12:00,13:00,17:31
2005,33,2024-03-03,08:13,12:00,13:00,18:55
2006,34,2024-03-03,08:11,12:00,13:00,17:40
2007,1,2024-03-04,08:02,12:00,13:00,18:19
2008,2,2024-03-04,08:13,12:00,13:00,17:59
2009,3,2024-03-04,08:08,12:00,13:00,18:04
2010,4,2024-03-04,08:01,12:00,13:00,18:19
2011,5,2024-03-04,08:08,12:00,13:00,17:20
2012,6,2024-03-04,08:00,12:00,13:00,17:12
2013,7,2024-03-04,08:00,12:00,13:00,17:53
2014,8,2024-03-04,08:00,12:00,13:00,17:12
2015,9,2024-03-04,08:10,12:00,13:00,18:51
2016,10,2024-03-04,08:13,12:00,13:00,17:05
2017,11,2024-03-04,08:02,12:00,13:00,17:57
2018,12,2024-03-04,08:00,12:00,13:00,17:55
2019,13,2024-03-04,08:07,12:00,13:00,17:24
2020,14,2024-03-04,08:06,12:00,13:00,17:05
2021,15,2024-03-04,08:09,12:00,13:00,17:22
2022,16,2024-03-04,08:05,12:00,13:00,17:04
2023,17,2024-03-04,08:10,12:00,13:00,17:22
2024,18,2024-03-04,08:06,12:00,13:00,17:35
2025,19,2024-03-04,08:13,12:00,13:00,18:47
2026,20,2024-03-04,08:09,12:00,13:00,18:03
2027,21,2024-03-04,08:02,12:00,13:00,17:51
2028,22,2024-03-04,08:10,12:00,13:00,18:13
2029,23,2024-03-04,08:05,12:00,13:00,18:51
2030,24,2024-03-04,08:12,12:00,13:00,18:57
2031,25,2024-03-04,08:04,12:00,13:00,18:34
2032,26,2024-03-04,08:03,12:00,13:00,18:53
2033,27,2024-03-04,08:11,12:00,13:00,18:59
2034,28,2024-03-04,08:04,12:00,13:00,17:26
2035,29,2024-03-04,08:13,12:00,13:00,18:01
2036,30,2024-03-04,08:02,12:00,13:00,18:40
2037,31,2024-03-04,08:07,12:00,13:00,18:46
2038,32,2024-03-04,08:13,12:00,13:00,18:08
2039,33,2024-03-04,08:11,12:00,13:00,17:07
2040,34,2024-03-04,08:02,12:00,13:00,17:00
2041,1,2024-03-05,08:09,12:00,13:00,18:22
2042,2,2024-03-05,08:10,12:00,13:00,17:28
2043,3,2024-03-05,08:11,12:00,13:00,18:18
2044,4,2024-03-05,08:08,12:00,13:00,17:07
2045,5,2024-03-05,08:08,12:00,13:00,17:54
2046,6,2024-03-05,08:00,12:00,13:00,18:33
2047,7,2024-03-05,08:02,12:00,13:00,17:56
2048,8,2024-03-05,08:03,12:00,13:00,18:39
2049,9,2024-03-05,08:09,12:00,13:00,18:40
2050,10,2024-03-05,08:06,12:00,13:00,17:17
2051,11,2024-03-05,08:04,12:00,13:00,17:58
2052,12,2024-03-05,08:12,12:00,13:00,17:19
2053,13,2024-03-05,08:12,12:00,13:00,17:59
2054,14,2024-03-05,08:14,12:00,13:00,17:30
2055,15,2024-03-05,08:13,12:00,13:00,18:10
2056,16,2024-03-05,08:02,12:00,13:00,18:26
2057,17,2024-03-05,08:00,12:00,13:00,17:50
2058,18,2024-03-05,08:12,12:00,13:00,17:45
2059,19,2024-03-05,08:04,12:00,13:00,18:39
2060,20,2024-03-05,08:00,12:00,13:00,18:12
2061,21,2024-03-05,08:03,12:00,13:00,18:58
2062,22,2024-03-05,08:06,12:00,13:00,18:35
2063,23,2024-03-05,08:13,12:00,13:00,17:37
2064,24,2024-03-05,08:10,12:00,13:00,18:46
2065,25,2024-03-05,08:04,12:00,13:00,17:52
2066,26,2024-03-05,08:06,12:00,13:00,18:21
2067,27,2024-03-05,08:10,12:00,13:00,17:23
2068,28,2024-03-05,08:13,12:00,13:00,18:12
2069,29,2024-03-05,08:07,12:00,13:00,17:58
2070,30,2024-03-05,08:02,12:00,13:00,18:13
2071,31,2024-03-05,08:09,12:00,13:00,17:28
2072,32,2024-03-05,08:07,12:00,13:00,17:44
2073,33,2024-03-05,08:14,12:00,13:00,18:01
2074,34,2024-03-05,08:05,12:00,13:00,17:59
